geo,year,voting_fdp_plr2
che,2019,15.1
1,2019,16.4
2,2019,13.4
3,2019,15.4
4,2019,11.1
5,2019,14.0
6,2019,10.9
7,2019,9.2
8,2019,3.3
9,2019,11.8
10,2019,11.5
11,2019,13.1
12,2019,6.9
13,2019,14.7
14,2019,22.1
21,2019,9.4
22,2019,9.8
23,2019,7.3
24,2019,13.2
25,2019,10.5
26,2019,9.7
27,2019,9.1
28,2019,9.9
29,2019,15.4
30,2019,15.4
31,2019,11.9
32,2019,15.9
33,2019,12.9
34,2019,16.3
35,2019,7.7
37,2019,12.2
38,2019,6.0
39,2019,10.7
40,2019,6.0
41,2019,9.4
43,2019,11.9
51,2019,20.6
52,2019,13.6
53,2019,11.4
54,2019,14.9
55,2019,10.6
56,2019,10.7
57,2019,8.0
58,2019,8.7
59,2019,8.1
60,2019,5.3
61,2019,9.7
62,2019,11.5
63,2019,11.2
64,2019,16.6
65,2019,9.0
66,2019,12.8
67,2019,9.1
68,2019,9.2
69,2019,16.6
70,2019,10.4
71,2019,11.2
72,2019,21.6
81,2019,3.7
82,2019,13.9
83,2019,11.5
84,2019,9.9
85,2019,12.4
86,2019,12.4
87,2019,13.0
88,2019,14.0
89,2019,12.7
90,2019,10.2
91,2019,12.6
92,2019,10.9
93,2019,11.6
94,2019,9.9
95,2019,14.6
96,2019,10.6
97,2019,8.7
98,2019,8.6
99,2019,13.2
100,2019,10.4
101,2019,11.5
102,2019,9.5
111,2019,11.3
112,2019,11.5
113,2019,10.5
114,2019,5.5
115,2019,14.3
116,2019,13.4
117,2019,11.4
118,2019,9.8
119,2019,11.7
120,2019,10.2
121,2019,11.5
131,2019,14.4
135,2019,29.9
136,2019,18.7
137,2019,21.6
138,2019,15.7
139,2019,26.0
141,2019,20.3
151,2019,30.2
152,2019,29.4
153,2019,12.0
154,2019,29.4
155,2019,17.4
156,2019,24.9
157,2019,9.1
158,2019,16.9
159,2019,19.7
160,2019,33.5
161,2019,31.4
172,2019,14.0
173,2019,11.8
176,2019,12.4
177,2019,11.3
178,2019,15.2
180,2019,9.6
181,2019,5.6
182,2019,8.2
191,2019,11.0
192,2019,15.6
193,2019,17.8
194,2019,13.1
195,2019,19.9
196,2019,13.0
197,2019,14.1
198,2019,11.8
199,2019,11.1
200,2019,16.6
211,2019,6.4
213,2019,17.4
214,2019,9.7
215,2019,12.0
216,2019,10.5
218,2019,5.7
219,2019,13.6
220,2019,3.3
221,2019,16.1
223,2019,13.9
224,2019,9.1
225,2019,11.6
226,2019,5.3
227,2019,17.7
228,2019,8.1
230,2019,10.6
231,2019,8.5
241,2019,19.4
242,2019,14.4
243,2019,9.3
244,2019,16.6
245,2019,15.1
246,2019,23.5
247,2019,11.1
248,2019,30.5
249,2019,22.8
250,2019,12.9
251,2019,13.3
261,2019,11.8
292,2019,20.4
293,2019,13.5
294,2019,11.3
295,2019,17.8
296,2019,12.4
297,2019,5.3
298,2019,14.8
301,2019,9.9
302,2019,3.5
303,2019,7.9
304,2019,6.0
305,2019,5.9
306,2019,12.1
307,2019,10.0
309,2019,5.1
310,2019,7.0
311,2019,6.0
312,2019,4.3
321,2019,11.6
322,2019,4.3
323,2019,7.7
324,2019,5.1
325,2019,4.7
326,2019,5.7
329,2019,14.8
331,2019,8.8
332,2019,6.2
333,2019,8.6
335,2019,5.0
336,2019,1.8
337,2019,8.7
338,2019,4.5
339,2019,0.7
340,2019,9.8
341,2019,6.8
342,2019,10.6
344,2019,2.8
345,2019,8.0
351,2019,7.6
352,2019,14.6
353,2019,12.8
354,2019,10.7
355,2019,9.7
356,2019,22.3
357,2019,3.3
358,2019,13.9
359,2019,10.9
360,2019,11.2
361,2019,11.2
362,2019,14.6
363,2019,8.2
371,2019,7.9
372,2019,16.4
381,2019,6.5
382,2019,6.1
383,2019,9.4
385,2019,5.3
386,2019,5.7
387,2019,9.6
388,2019,11.2
390,2019,5.8
391,2019,6.8
392,2019,8.8
393,2019,4.8
394,2019,4.3
401,2019,4.3
402,2019,3.6
403,2019,6.8
404,2019,8.8
405,2019,7.1
406,2019,5.2
407,2019,2.4
409,2019,6.8
410,2019,3.7
411,2019,4.8
412,2019,12.1
413,2019,8.0
414,2019,8.0
415,2019,5.7
418,2019,4.6
420,2019,8.9
421,2019,4.1
423,2019,4.7
424,2019,5.7
431,2019,5.6
432,2019,3.7
433,2019,5.2
434,2019,5.0
435,2019,5.4
437,2019,0.6
438,2019,5.8
441,2019,5.3
442,2019,3.5
443,2019,12.9
444,2019,4.0
445,2019,4.9
446,2019,7.1
448,2019,6.9
449,2019,3.9
450,2019,9.4
491,2019,7.7
492,2019,10.3
493,2019,4.5
494,2019,6.6
495,2019,9.8
496,2019,8.6
497,2019,8.8
498,2019,8.5
499,2019,4.8
500,2019,3.4
501,2019,6.2
502,2019,8.9
533,2019,6.1
536,2019,13.5
538,2019,7.2
540,2019,10.0
541,2019,6.7
543,2019,8.7
544,2019,8.2
546,2019,8.2
551,2019,8.8
552,2019,6.2
553,2019,7.8
554,2019,5.3
556,2019,7.8
557,2019,9.6
561,2019,4.2
562,2019,4.5
563,2019,3.9
564,2019,1.7
565,2019,6.1
566,2019,3.7
567,2019,4.9
571,2019,4.7
572,2019,6.8
573,2019,9.0
574,2019,2.7
575,2019,9.1
576,2019,10.1
577,2019,3.1
578,2019,3.3
579,2019,1.9
580,2019,8.9
581,2019,12.3
582,2019,7.6
584,2019,9.9
585,2019,7.7
586,2019,0.5
587,2019,9.5
588,2019,7.0
589,2019,4.5
590,2019,6.1
591,2019,2.5
592,2019,8.1
593,2019,10.8
594,2019,13.5
602,2019,3.1
603,2019,6.0
605,2019,2.3
606,2019,8.7
607,2019,6.4
608,2019,8.6
609,2019,3.4
610,2019,4.8
611,2019,7.0
612,2019,6.3
613,2019,1.8
614,2019,3.7
615,2019,2.0
616,2019,8.4
617,2019,6.0
619,2019,9.9
620,2019,3.8
622,2019,4.6
623,2019,8.0
626,2019,2.7
627,2019,11.9
628,2019,4.7
629,2019,1.8
630,2019,13.0
632,2019,11.2
662,2019,7.0
663,2019,8.4
665,2019,3.3
666,2019,9.6
667,2019,7.6
668,2019,9.1
669,2019,9.2
670,2019,8.5
671,2019,3.6
681,2019,7.9
683,2019,3.0
687,2019,1.4
690,2019,5.8
691,2019,6.8
692,2019,3.5
694,2019,3.0
696,2019,3.7
700,2019,6.9
701,2019,5.7
703,2019,8.1
704,2019,1.0
706,2019,3.4
707,2019,2.1
708,2019,0.0
709,2019,0.0
711,2019,1.3
713,2019,8.4
715,2019,0.0
716,2019,2.3
717,2019,7.4
723,2019,13.0
724,2019,8.6
726,2019,5.6
731,2019,9.2
732,2019,16.9
733,2019,4.8
734,2019,6.6
735,2019,2.7
736,2019,5.8
737,2019,6.2
738,2019,5.3
739,2019,14.9
740,2019,12.4
741,2019,10.6
742,2019,22.0
743,2019,13.6
744,2019,6.8
745,2019,14.7
746,2019,7.7
747,2019,7.6
748,2019,8.3
749,2019,8.3
750,2019,8.6
751,2019,16.2
754,2019,5.4
755,2019,4.2
756,2019,14.0
761,2019,3.9
762,2019,3.0
763,2019,4.7
766,2019,3.4
767,2019,2.1
768,2019,7.9
769,2019,4.8
770,2019,1.9
782,2019,2.4
783,2019,4.7
784,2019,7.9
785,2019,8.9
786,2019,4.0
791,2019,5.6
792,2019,8.7
793,2019,4.4
794,2019,8.1
841,2019,7.0
842,2019,5.5
843,2019,12.5
852,2019,0.8
853,2019,5.2
855,2019,6.7
861,2019,8.3
863,2019,3.9
866,2019,7.0
867,2019,3.0
868,2019,4.7
869,2019,5.6
870,2019,13.2
872,2019,6.9
879,2019,6.7
880,2019,3.4
883,2019,4.2
884,2019,6.8
885,2019,6.3
886,2019,4.6
888,2019,4.9
889,2019,8.4
901,2019,2.2
902,2019,6.3
903,2019,4.1
904,2019,1.9
905,2019,3.1
906,2019,2.6
907,2019,4.1
908,2019,1.5
909,2019,3.7
921,2019,4.6
922,2019,3.2
923,2019,2.1
924,2019,0.7
925,2019,3.5
927,2019,2.5
928,2019,6.2
929,2019,13.4
931,2019,0.8
932,2019,2.0
934,2019,14.2
935,2019,1.5
936,2019,3.8
938,2019,6.5
939,2019,8.4
940,2019,1.9
941,2019,3.8
942,2019,7.6
943,2019,4.4
944,2019,5.2
945,2019,2.5
946,2019,0.3
947,2019,3.3
948,2019,4.1
951,2019,4.5
952,2019,2.9
953,2019,2.3
954,2019,8.3
955,2019,5.0
956,2019,5.1
957,2019,6.3
958,2019,3.4
959,2019,1.6
960,2019,2.8
971,2019,9.9
972,2019,2.5
973,2019,3.8
975,2019,3.0
976,2019,3.0
977,2019,8.0
979,2019,10.9
980,2019,6.4
981,2019,14.8
982,2019,9.2
983,2019,11.7
985,2019,1.5
987,2019,6.2
988,2019,3.8
989,2019,5.7
990,2019,7.1
991,2019,8.1
992,2019,17.0
993,2019,7.7
995,2019,7.5
1001,2019,9.2
1002,2019,17.5
1004,2019,13.9
1005,2019,9.2
1007,2019,9.2
1008,2019,9.4
1009,2019,10.9
1010,2019,10.4
1021,2019,13.8
1023,2019,13.2
1024,2019,14.9
1025,2019,21.5
1026,2019,14.4
1030,2019,15.0
1031,2019,15.0
1032,2019,7.8
1033,2019,20.0
1037,2019,22.1
1039,2019,10.3
1040,2019,13.8
1041,2019,9.8
1051,2019,16.7
1052,2019,19.3
1053,2019,14.4
1054,2019,13.7
1055,2019,20.2
1056,2019,16.7
1057,2019,8.7
1058,2019,17.1
1059,2019,13.5
1061,2019,12.9
1062,2019,17.7
1063,2019,29.0
1064,2019,13.7
1065,2019,17.0
1066,2019,22.5
1067,2019,20.6
1068,2019,23.1
1069,2019,22.4
1081,2019,14.7
1082,2019,22.0
1083,2019,9.7
1084,2019,19.6
1085,2019,14.1
1086,2019,22.9
1088,2019,17.8
1089,2019,18.7
1091,2019,16.6
1093,2019,16.5
1094,2019,14.0
1095,2019,17.5
1097,2019,18.1
1098,2019,11.8
1099,2019,19.4
1100,2019,26.3
1102,2019,16.2
1103,2019,14.6
1104,2019,21.3
1107,2019,13.3
1121,2019,24.6
1122,2019,23.6
1123,2019,12.5
1125,2019,16.3
1127,2019,18.6
1128,2019,25.4
1129,2019,11.4
1131,2019,11.6
1132,2019,11.5
1135,2019,7.7
1136,2019,21.4
1137,2019,29.9
1139,2019,11.8
1140,2019,18.6
1142,2019,20.1
1143,2019,14.7
1145,2019,8.8
1146,2019,17.6
1147,2019,11.9
1150,2019,17.0
1151,2019,20.0
1301,2019,19.8
1311,2019,30.3
1321,2019,32.3
1322,2019,25.7
1323,2019,34.6
1331,2019,34.7
1341,2019,21.5
1342,2019,23.0
1343,2019,12.7
1344,2019,27.2
1345,2019,18.6
1346,2019,20.3
1347,2019,30.0
1348,2019,15.7
1349,2019,19.3
1361,2019,10.2
1362,2019,22.5
1363,2019,18.7
1364,2019,20.9
1365,2019,22.1
1366,2019,15.0
1367,2019,13.6
1368,2019,16.1
1369,2019,17.9
1370,2019,11.2
1371,2019,17.9
1372,2019,19.8
1373,2019,19.4
1374,2019,14.7
1375,2019,8.7
1401,2019,17.0
1402,2019,8.7
1403,2019,8.6
1404,2019,15.7
1405,2019,5.9
1406,2019,11.4
1407,2019,9.7
1701,2019,13.3
1702,2019,12.9
1703,2019,16.9
1704,2019,9.4
1705,2019,13.4
1706,2019,11.6
1707,2019,13.1
1708,2019,15.6
1709,2019,13.3
1710,2019,14.6
1711,2019,18.4
2008,2019,18.4
2011,2019,27.4
2016,2019,14.1
2022,2019,16.1
2025,2019,16.1
2027,2019,22.8
2029,2019,14.8
2035,2019,14.8
2038,2019,7.1
2041,2019,27.1
2043,2019,22.8
2044,2019,11.9
2045,2019,14.8
2050,2019,26.0
2051,2019,16.1
2053,2019,17.5
2054,2019,15.8
2055,2019,13.1
2061,2019,14.2
2063,2019,18.6
2066,2019,13.7
2067,2019,30.3
2068,2019,12.1
2072,2019,11.1
2079,2019,24.4
2086,2019,45.2
2087,2019,21.4
2089,2019,14.9
2096,2019,22.0
2097,2019,13.2
2099,2019,17.6
2102,2019,16.1
2113,2019,15.0
2114,2019,18.2
2115,2019,16.1
2117,2019,19.6
2121,2019,18.6
2122,2019,23.4
2123,2019,13.8
2124,2019,24.1
2125,2019,22.0
2128,2019,12.5
2129,2019,17.9
2130,2019,14.1
2131,2019,29.6
2134,2019,19.6
2135,2019,19.9
2137,2019,20.7
2138,2019,11.7
2140,2019,20.3
2143,2019,26.9
2145,2019,21.9
2147,2019,20.3
2148,2019,24.6
2149,2019,23.5
2152,2019,18.8
2153,2019,28.6
2155,2019,22.7
2160,2019,22.8
2162,2019,20.6
2163,2019,21.4
2173,2019,17.0
2174,2019,25.2
2175,2019,11.1
2177,2019,22.9
2183,2019,16.7
2186,2019,23.2
2194,2019,20.6
2196,2019,9.1
2197,2019,15.3
2198,2019,12.4
2200,2019,20.6
2206,2019,14.3
2208,2019,21.6
2211,2019,16.1
2216,2019,27.0
2217,2019,16.1
2220,2019,16.7
2226,2019,26.9
2228,2019,14.3
2230,2019,14.0
2233,2019,14.9
2234,2019,22.2
2235,2019,12.2
2236,2019,15.8
2237,2019,18.2
2238,2019,15.6
2250,2019,20.6
2254,2019,12.2
2257,2019,16.8
2258,2019,11.0
2259,2019,16.6
2260,2019,10.9
2261,2019,26.0
2262,2019,8.9
2265,2019,15.2
2266,2019,8.2
2271,2019,18.2
2272,2019,15.1
2274,2019,20.0
2275,2019,22.0
2276,2019,23.0
2278,2019,11.3
2284,2019,24.4
2292,2019,5.6
2293,2019,9.5
2294,2019,9.1
2295,2019,11.4
2296,2019,12.3
2299,2019,7.5
2300,2019,8.7
2301,2019,8.6
2303,2019,10.7
2304,2019,9.1
2305,2019,8.2
2306,2019,8.1
2307,2019,13.8
2308,2019,8.4
2309,2019,9.4
2321,2019,11.1
2323,2019,12.2
2325,2019,13.7
2328,2019,12.4
2333,2019,11.3
2335,2019,9.0
2336,2019,21.9
2337,2019,8.3
2338,2019,14.2
2401,2019,30.3
2402,2019,17.2
2403,2019,18.0
2404,2019,15.7
2405,2019,16.4
2406,2019,17.7
2407,2019,20.6
2408,2019,28.5
2421,2019,17.5
2422,2019,21.7
2424,2019,17.3
2425,2019,20.3
2426,2019,22.9
2427,2019,18.8
2428,2019,13.9
2430,2019,21.1
2445,2019,22.0
2455,2019,29.0
2456,2019,22.6
2457,2019,21.2
2461,2019,25.0
2463,2019,23.7
2464,2019,18.9
2465,2019,20.2
2471,2019,13.1
2472,2019,14.1
2473,2019,14.6
2474,2019,19.2
2475,2019,17.6
2476,2019,14.4
2477,2019,12.8
2478,2019,12.9
2479,2019,9.5
2480,2019,17.6
2481,2019,13.7
2491,2019,19.4
2492,2019,17.6
2493,2019,20.5
2495,2019,18.0
2497,2019,14.2
2499,2019,22.8
2500,2019,10.8
2501,2019,16.2
2502,2019,17.7
2503,2019,12.7
2511,2019,14.2
2513,2019,14.6
2514,2019,16.9
2516,2019,18.3
2517,2019,20.6
2518,2019,14.9
2519,2019,15.5
2520,2019,12.5
2523,2019,16.8
2524,2019,14.4
2525,2019,15.9
2526,2019,25.4
2527,2019,13.0
2528,2019,17.2
2529,2019,18.7
2530,2019,17.3
2532,2019,20.8
2534,2019,15.5
2535,2019,11.4
2541,2019,20.0
2542,2019,18.7
2543,2019,19.5
2544,2019,38.1
2545,2019,17.9
2546,2019,16.7
2547,2019,20.1
2548,2019,21.9
2549,2019,23.1
2550,2019,21.1
2551,2019,19.0
2553,2019,20.9
2554,2019,20.8
2555,2019,20.2
2556,2019,15.4
2571,2019,17.9
2572,2019,22.5
2573,2019,14.6
2574,2019,37.4
2575,2019,14.5
2576,2019,17.1
2578,2019,14.2
2579,2019,21.2
2580,2019,20.8
2581,2019,15.8
2582,2019,21.7
2583,2019,21.5
2584,2019,25.6
2585,2019,13.5
2586,2019,19.5
2601,2019,19.7
2611,2019,13.9
2612,2019,21.5
2613,2019,35.0
2614,2019,23.5
2615,2019,17.4
2616,2019,20.3
2617,2019,18.5
2618,2019,14.1
2619,2019,15.2
2620,2019,24.5
2621,2019,19.3
2622,2019,23.6
2701,2019,20.3
2702,2019,36.0
2703,2019,27.2
2761,2019,17.7
2762,2019,16.9
2763,2019,23.9
2764,2019,19.7
2765,2019,22.8
2766,2019,10.4
2767,2019,24.8
2768,2019,16.9
2769,2019,14.3
2770,2019,15.3
2771,2019,22.6
2772,2019,24.6
2773,2019,18.0
2774,2019,19.8
2775,2019,17.9
2781,2019,8.5
2782,2019,10.1
2783,2019,11.3
2784,2019,6.4
2785,2019,14.8
2786,2019,13.0
2787,2019,14.5
2788,2019,6.9
2789,2019,11.7
2790,2019,3.5
2791,2019,10.9
2792,2019,12.3
2793,2019,11.3
2821,2019,15.9
2822,2019,16.8
2823,2019,12.8
2824,2019,17.1
2825,2019,19.8
2826,2019,15.3
2827,2019,9.4
2828,2019,11.3
2829,2019,15.5
2830,2019,14.7
2831,2019,14.1
2832,2019,14.8
2833,2019,18.3
2834,2019,9.5
2841,2019,9.0
2842,2019,15.4
2843,2019,11.7
2844,2019,11.4
2845,2019,12.8
2846,2019,14.2
2847,2019,7.9
2848,2019,6.7
2849,2019,19.7
2850,2019,16.7
2851,2019,11.9
2852,2019,9.9
2853,2019,10.5
2854,2019,19.1
2855,2019,9.5
2856,2019,15.2
2857,2019,11.9
2858,2019,10.9
2859,2019,10.7
2860,2019,10.5
2861,2019,18.8
2862,2019,11.9
2863,2019,12.7
2864,2019,18.7
2865,2019,13.8
2866,2019,15.8
2867,2019,17.0
2868,2019,12.7
2869,2019,13.3
2881,2019,11.2
2882,2019,12.9
2883,2019,11.8
2884,2019,11.4
2885,2019,11.1
2886,2019,15.5
2887,2019,11.7
2888,2019,9.6
2889,2019,6.7
2890,2019,7.9
2891,2019,15.8
2892,2019,13.7
2893,2019,11.7
2894,2019,11.2
2895,2019,13.8
2901,2019,8.9
2903,2019,15.2
2904,2019,12.0
2914,2019,13.0
2915,2019,15.8
2917,2019,17.0
2919,2019,20.9
2920,2019,20.0
2931,2019,3.9
2932,2019,12.8
2933,2019,9.4
2936,2019,14.3
2937,2019,8.8
2938,2019,9.1
2939,2019,9.6
2951,2019,5.1
2952,2019,10.4
2953,2019,8.5
2961,2019,4.1
2962,2019,9.4
2963,2019,6.0
2964,2019,10.9
2971,2019,9.1
2972,2019,4.5
2973,2019,9.6
2974,2019,10.2
3001,2019,33.5
3002,2019,22.0
3003,2019,28.7
3004,2019,29.7
3005,2019,44.3
3006,2019,27.7
3007,2019,35.5
3021,2019,48.8
3022,2019,52.9
3023,2019,66.9
3024,2019,62.5
3025,2019,69.7
3031,2019,51.1
3032,2019,59.2
3033,2019,46.7
3034,2019,63.3
3035,2019,55.9
3036,2019,44.9
3037,2019,50.7
3038,2019,55.9
3201,2019,10.9
3202,2019,12.4
3203,2019,14.3
3204,2019,19.5
3211,2019,13.2
3212,2019,11.0
3213,2019,16.0
3214,2019,20.8
3215,2019,14.4
3216,2019,16.9
3217,2019,13.4
3218,2019,13.1
3219,2019,13.0
3231,2019,14.5
3232,2019,16.6
3233,2019,16.8
3234,2019,17.0
3235,2019,20.3
3236,2019,17.1
3237,2019,14.5
3238,2019,13.9
3251,2019,10.3
3252,2019,12.0
3253,2019,12.4
3254,2019,9.9
3255,2019,12.5
3256,2019,10.9
3271,2019,19.5
3272,2019,14.2
3273,2019,20.4
3274,2019,18.6
3275,2019,19.7
3276,2019,28.5
3291,2019,16.6
3292,2019,9.0
3293,2019,11.5
3294,2019,10.4
3295,2019,10.2
3296,2019,12.9
3297,2019,15.0
3298,2019,13.4
3311,2019,8.7
3312,2019,10.3
3313,2019,11.4
3315,2019,10.6
3316,2019,12.6
3338,2019,18.2
3339,2019,17.3
3340,2019,17.2
3341,2019,13.3
3342,2019,11.6
3352,2019,13.8
3359,2019,17.3
3360,2019,15.2
3372,2019,11.7
3374,2019,13.9
3375,2019,12.3
3378,2019,12.7
3379,2019,13.7
3392,2019,11.6
3393,2019,15.5
3394,2019,6.7
3395,2019,10.9
3401,2019,13.2
3402,2019,17.5
3405,2019,14.8
3407,2019,17.2
3408,2019,14.1
3422,2019,14.6
3423,2019,15.1
3424,2019,14.0
3426,2019,18.6
3427,2019,16.5
3441,2019,18.4
3442,2019,23.5
3443,2019,13.7
3444,2019,17.7
3506,2019,27.3
3513,2019,14.8
3514,2019,9.3
3542,2019,8.4
3543,2019,14.1
3544,2019,18.0
3551,2019,7.1
3561,2019,11.0
3572,2019,7.2
3575,2019,14.0
3581,2019,7.5
3582,2019,3.3
3603,2019,6.0
3618,2019,2.1
3619,2019,5.2
3633,2019,15.2
3637,2019,7.6
3638,2019,10.1
3640,2019,14.1
3661,2019,6.7
3662,2019,11.7
3663,2019,11.9
3668,2019,15.2
3669,2019,5.9
3670,2019,10.3
3672,2019,4.4
3673,2019,12.2
3681,2019,7.7
3695,2019,12.3
3701,2019,15.9
3711,2019,5.3
3712,2019,16.8
3713,2019,6.9
3714,2019,17.3
3715,2019,12.7
3721,2019,11.1
3722,2019,10.5
3723,2019,9.5
3731,2019,11.3
3732,2019,19.2
3733,2019,17.4
3734,2019,19.6
3746,2019,9.5
3752,2019,17.4
3762,2019,13.7
3764,2019,10.8
3781,2019,18.2
3782,2019,27.1
3783,2019,14.7
3784,2019,28.4
3785,2019,15.8
3786,2019,21.5
3787,2019,34.1
3788,2019,12.4
3789,2019,35.9
3790,2019,39.7
3791,2019,19.0
3792,2019,30.6
3804,2019,13.6
3805,2019,8.2
3808,2019,10.0
3810,2019,2.1
3821,2019,41.1
3822,2019,18.5
3823,2019,28.9
3831,2019,29.2
3832,2019,29.3
3834,2019,16.3
3835,2019,14.8
3837,2019,13.2
3847,2019,8.3
3851,2019,16.4
3861,2019,14.5
3862,2019,2.1
3863,2019,16.3
3871,2019,13.7
3881,2019,15.0
3882,2019,7.8
3891,2019,9.4
3901,2019,13.2
3911,2019,15.9
3921,2019,17.2
3932,2019,15.2
3945,2019,8.0
3946,2019,6.6
3947,2019,12.1
3951,2019,18.2
3952,2019,17.2
3953,2019,20.7
3954,2019,20.8
3955,2019,10.5
3961,2019,10.6
3962,2019,11.1
3972,2019,10.7
3981,2019,4.1
3982,2019,2.9
3983,2019,4.3
3985,2019,2.4
3986,2019,3.7
3987,2019,1.9
3988,2019,3.7
4001,2019,16.7
4002,2019,20.1
4003,2019,15.1
4004,2019,10.2
4005,2019,18.7
4006,2019,14.0
4007,2019,18.9
4008,2019,17.2
4009,2019,15.1
4010,2019,15.2
4012,2019,15.0
4013,2019,17.8
4021,2019,14.8
4022,2019,14.7
4023,2019,15.7
4024,2019,12.3
4026,2019,17.3
4027,2019,14.3
4028,2019,17.7
4029,2019,14.0
4030,2019,10.0
4031,2019,8.6
4032,2019,16.2
4033,2019,14.0
4034,2019,10.1
4035,2019,17.2
4037,2019,19.9
4038,2019,15.0
4039,2019,17.8
4040,2019,10.3
4041,2019,13.5
4042,2019,12.7
4044,2019,15.0
4045,2019,12.1
4046,2019,9.3
4047,2019,14.0
4048,2019,14.4
4049,2019,13.0
4061,2019,15.9
4062,2019,14.1
4063,2019,11.4
4064,2019,11.3
4065,2019,14.6
4066,2019,11.6
4067,2019,12.2
4068,2019,11.2
4071,2019,13.5
4072,2019,12.0
4073,2019,16.4
4074,2019,15.8
4075,2019,11.8
4076,2019,14.1
4077,2019,10.3
4078,2019,8.1
4079,2019,10.3
4080,2019,13.6
4081,2019,18.0
4082,2019,15.3
4083,2019,13.4
4084,2019,8.4
4091,2019,17.3
4092,2019,15.2
4093,2019,14.8
4094,2019,8.5
4095,2019,16.3
4096,2019,9.9
4097,2019,5.3
4099,2019,19.1
4100,2019,16.7
4104,2019,11.5
4105,2019,12.7
4106,2019,8.9
4107,2019,12.3
4110,2019,17.5
4111,2019,13.5
4112,2019,14.0
4117,2019,12.4
4120,2019,12.3
4121,2019,13.3
4122,2019,15.7
4123,2019,13.2
4124,2019,11.6
4125,2019,21.0
4131,2019,14.5
4132,2019,16.6
4133,2019,12.1
4134,2019,10.4
4135,2019,11.4
4136,2019,8.3
4137,2019,11.3
4138,2019,11.8
4139,2019,13.5
4140,2019,12.6
4141,2019,11.9
4142,2019,6.8
4143,2019,3.7
4144,2019,15.8
4145,2019,10.0
4146,2019,13.4
4147,2019,11.7
4161,2019,11.0
4163,2019,11.7
4164,2019,5.7
4165,2019,9.5
4166,2019,9.9
4167,2019,4.6
4169,2019,8.8
4170,2019,11.2
4172,2019,17.4
4173,2019,5.7
4175,2019,11.9
4176,2019,9.5
4177,2019,8.2
4179,2019,6.4
4181,2019,8.6
4182,2019,5.9
4183,2019,6.0
4184,2019,9.9
4191,2019,10.6
4192,2019,10.9
4193,2019,17.0
4194,2019,14.2
4195,2019,11.8
4196,2019,9.5
4197,2019,9.5
4198,2019,8.0
4199,2019,13.6
4200,2019,13.1
4201,2019,18.1
4202,2019,19.6
4203,2019,18.4
4204,2019,11.8
4205,2019,10.7
4206,2019,18.8
4207,2019,12.1
4208,2019,18.5
4209,2019,10.8
4210,2019,13.7
4221,2019,8.4
4222,2019,7.5
4223,2019,7.6
4224,2019,12.0
4226,2019,7.6
4227,2019,10.8
4228,2019,9.6
4229,2019,8.0
4230,2019,7.7
4231,2019,7.0
4232,2019,13.8
4233,2019,7.2
4234,2019,10.5
4235,2019,8.9
4236,2019,10.9
4237,2019,14.7
4238,2019,7.2
4239,2019,11.8
4240,2019,11.6
4251,2019,9.0
4252,2019,12.0
4253,2019,14.5
4254,2019,10.7
4255,2019,10.2
4256,2019,7.0
4257,2019,14.5
4258,2019,15.3
4259,2019,11.5
4260,2019,15.3
4261,2019,7.9
4262,2019,10.3
4263,2019,14.7
4264,2019,7.8
4271,2019,11.3
4273,2019,9.7
4274,2019,8.9
4275,2019,7.5
4276,2019,10.9
4277,2019,11.7
4279,2019,11.8
4280,2019,12.2
4281,2019,6.7
4282,2019,12.6
4283,2019,11.9
4284,2019,8.2
4285,2019,9.7
4286,2019,10.5
4287,2019,11.5
4288,2019,4.2
4289,2019,15.6
4301,2019,18.2
4302,2019,7.3
4303,2019,13.1
4304,2019,15.9
4305,2019,13.7
4306,2019,6.1
4307,2019,17.1
4308,2019,10.5
4309,2019,14.7
4310,2019,10.0
4311,2019,8.4
4312,2019,12.8
4313,2019,10.0
4314,2019,7.0
4315,2019,9.0
4316,2019,10.0
4317,2019,10.7
4318,2019,9.5
4319,2019,6.9
4320,2019,10.5
4322,2019,2.1
4323,2019,12.0
4401,2019,11.4
4406,2019,6.1
4411,2019,14.3
4416,2019,9.7
4421,2019,16.3
4426,2019,12.0
4431,2019,14.4
4436,2019,12.1
4441,2019,5.3
4446,2019,3.4
4451,2019,18.2
4461,2019,12.6
4471,2019,7.3
4476,2019,8.8
4486,2019,9.1
4495,2019,4.6
4501,2019,9.8
4506,2019,11.2
4511,2019,8.0
4536,2019,6.3
4545,2019,11.3
4546,2019,9.8
4551,2019,11.4
4561,2019,10.3
4566,2019,14.3
4571,2019,13.9
4590,2019,4.8
4591,2019,9.7
4601,2019,9.2
4606,2019,11.7
4611,2019,9.7
4616,2019,9.0
4621,2019,11.4
4641,2019,12.7
4643,2019,17.3
4646,2019,13.8
4651,2019,19.3
4656,2019,8.7
4666,2019,7.4
4671,2019,13.9
4681,2019,6.1
4683,2019,6.1
4691,2019,13.4
4696,2019,13.3
4701,2019,6.0
4711,2019,6.5
4716,2019,9.5
4721,2019,11.5
4723,2019,5.5
4724,2019,19.0
4726,2019,9.6
4741,2019,9.3
4746,2019,13.9
4751,2019,13.9
4756,2019,6.5
4761,2019,12.1
4776,2019,5.0
4781,2019,10.9
4786,2019,12.8
4791,2019,11.5
4801,2019,10.4
4806,2019,13.8
4811,2019,10.1
4816,2019,5.1
4821,2019,12.7
4826,2019,17.8
4831,2019,11.0
4841,2019,7.9
4846,2019,3.3
4851,2019,12.1
4864,2019,12.7
4871,2019,9.0
4881,2019,7.0
4891,2019,9.6
4901,2019,3.4
4911,2019,7.8
4921,2019,5.3
4941,2019,10.5
4946,2019,11.7
4951,2019,8.0
5001,2019,21.6
5002,2019,24.3
5003,2019,33.0
5009,2019,15.2
5010,2019,24.0
5017,2019,27.8
5048,2019,15.6
5049,2019,19.3
5050,2019,18.4
5061,2019,20.9
5063,2019,13.0
5064,2019,8.9
5071,2019,19.8
5072,2019,15.2
5073,2019,15.6
5076,2019,19.8
5077,2019,7.8
5078,2019,30.8
5079,2019,29.4
5091,2019,28.8
5096,2019,25.0
5097,2019,22.4
5108,2019,14.9
5112,2019,17.7
5113,2019,19.3
5115,2019,17.1
5117,2019,12.0
5118,2019,19.1
5120,2019,13.1
5121,2019,21.7
5125,2019,17.6
5131,2019,17.0
5136,2019,17.9
5138,2019,14.3
5141,2019,15.8
5143,2019,15.5
5144,2019,18.0
5146,2019,7.9
5148,2019,18.3
5149,2019,10.4
5151,2019,20.6
5154,2019,18.3
5160,2019,15.6
5161,2019,22.5
5162,2019,27.5
5167,2019,17.9
5171,2019,18.8
5176,2019,32.6
5178,2019,15.7
5180,2019,26.9
5181,2019,7.9
5186,2019,17.0
5187,2019,28.5
5189,2019,21.9
5192,2019,20.3
5193,2019,19.9
5194,2019,18.9
5195,2019,18.7
5196,2019,14.6
5197,2019,20.0
5198,2019,28.3
5199,2019,19.2
5200,2019,14.0
5202,2019,14.2
5203,2019,35.2
5205,2019,19.7
5206,2019,14.7
5207,2019,17.7
5208,2019,22.1
5210,2019,28.3
5212,2019,22.3
5213,2019,28.2
5214,2019,27.8
5216,2019,14.2
5219,2019,14.1
5221,2019,16.5
5222,2019,13.3
5225,2019,22.2
5226,2019,15.4
5227,2019,21.1
5230,2019,24.2
5231,2019,27.9
5233,2019,29.1
5236,2019,27.5
5237,2019,15.6
5238,2019,29.9
5242,2019,17.5
5249,2019,15.0
5250,2019,18.4
5251,2019,25.2
5254,2019,20.7
5257,2019,15.1
5260,2019,20.2
5263,2019,14.8
5266,2019,21.9
5268,2019,16.6
5269,2019,19.7
5281,2019,21.8
5287,2019,19.1
5304,2019,22.6
5307,2019,9.3
5309,2019,19.5
5310,2019,16.1
5315,2019,53.1
5317,2019,23.9
5323,2019,13.3
5324,2019,13.8
5396,2019,17.7
5397,2019,15.8
5398,2019,21.8
5399,2019,10.1
5401,2019,32.2
5402,2019,19.8
5403,2019,27.5
5404,2019,14.2
5405,2019,26.6
5406,2019,22.7
5407,2019,34.2
5408,2019,25.4
5409,2019,30.5
5410,2019,26.9
5411,2019,44.5
5412,2019,23.3
5413,2019,25.8
5414,2019,28.6
5415,2019,43.6
5421,2019,26.0
5422,2019,28.0
5423,2019,27.1
5424,2019,17.5
5425,2019,23.4
5426,2019,20.6
5427,2019,35.6
5428,2019,26.0
5429,2019,24.0
5430,2019,19.2
5431,2019,22.3
5434,2019,23.1
5435,2019,19.8
5436,2019,27.6
5437,2019,13.5
5451,2019,21.4
5456,2019,19.9
5458,2019,14.3
5464,2019,29.2
5471,2019,20.6
5472,2019,19.7
5473,2019,17.6
5474,2019,25.7
5475,2019,10.7
5476,2019,26.6
5477,2019,20.1
5478,2019,24.4
5479,2019,26.5
5480,2019,21.1
5481,2019,18.5
5482,2019,24.5
5483,2019,13.2
5484,2019,15.7
5485,2019,27.7
5486,2019,22.0
5487,2019,12.4
5488,2019,16.8
5489,2019,24.2
5490,2019,19.6
5491,2019,14.9
5492,2019,23.3
5493,2019,18.2
5494,2019,17.3
5495,2019,23.7
5496,2019,17.7
5497,2019,18.2
5498,2019,24.3
5499,2019,37.0
5500,2019,33.0
5501,2019,25.6
5503,2019,23.8
5511,2019,24.3
5512,2019,27.0
5513,2019,35.1
5514,2019,22.7
5515,2019,19.3
5516,2019,24.5
5518,2019,20.2
5520,2019,23.2
5521,2019,21.5
5522,2019,23.8
5523,2019,19.9
5527,2019,17.9
5529,2019,28.6
5530,2019,24.7
5531,2019,32.0
5533,2019,23.3
5534,2019,28.8
5535,2019,16.4
5537,2019,21.7
5539,2019,23.4
5540,2019,22.5
5541,2019,25.8
5551,2019,26.2
5552,2019,19.4
5553,2019,24.3
5554,2019,18.7
5555,2019,17.4
5556,2019,19.6
5557,2019,12.8
5559,2019,24.5
5560,2019,13.7
5561,2019,25.6
5562,2019,13.8
5563,2019,12.9
5564,2019,15.8
5565,2019,11.5
5566,2019,8.9
5568,2019,14.5
5571,2019,11.2
5581,2019,27.8
5582,2019,22.4
5583,2019,23.4
5584,2019,26.3
5585,2019,31.6
5586,2019,15.1
5587,2019,26.5
5588,2019,35.1
5589,2019,20.0
5590,2019,30.2
5591,2019,14.6
5592,2019,25.6
5601,2019,28.1
5604,2019,32.3
5606,2019,33.5
5607,2019,25.0
5609,2019,31.7
5610,2019,24.4
5611,2019,33.7
5613,2019,30.2
5621,2019,23.5
5622,2019,30.2
5623,2019,39.5
5624,2019,20.1
5625,2019,33.6
5627,2019,12.0
5628,2019,36.2
5629,2019,14.8
5631,2019,29.3
5632,2019,20.7
5633,2019,30.4
5634,2019,23.6
5635,2019,21.6
5636,2019,26.2
5637,2019,31.5
5638,2019,27.7
5639,2019,29.3
5640,2019,29.9
5642,2019,24.1
5643,2019,25.0
5644,2019,25.3
5645,2019,37.9
5646,2019,27.2
5648,2019,32.6
5649,2019,23.2
5650,2019,22.7
5651,2019,23.7
5652,2019,16.8
5653,2019,36.3
5654,2019,23.5
5655,2019,31.8
5661,2019,21.6
5663,2019,20.7
5665,2019,29.4
5669,2019,23.0
5671,2019,23.0
5673,2019,29.9
5674,2019,19.0
5675,2019,21.3
5678,2019,24.6
5680,2019,20.3
5683,2019,21.4
5684,2019,57.3
5688,2019,23.8
5690,2019,24.6
5692,2019,24.1
5693,2019,29.1
5701,2019,30.3
5702,2019,20.7
5703,2019,17.5
5704,2019,23.9
5705,2019,27.7
5706,2019,27.7
5707,2019,24.0
5708,2019,27.5
5709,2019,27.4
5710,2019,29.5
5711,2019,29.5
5712,2019,29.4
5713,2019,36.2
5714,2019,28.4
5715,2019,28.7
5716,2019,24.9
5717,2019,33.3
5718,2019,36.7
5719,2019,28.9
5720,2019,29.0
5721,2019,22.6
5722,2019,24.4
5723,2019,30.1
5724,2019,21.5
5725,2019,24.3
5726,2019,30.0
5727,2019,16.6
5728,2019,31.0
5729,2019,31.6
5730,2019,25.1
5731,2019,20.2
5732,2019,21.7
5741,2019,13.4
5742,2019,24.4
5743,2019,28.4
5744,2019,19.1
5745,2019,10.8
5746,2019,17.5
5747,2019,18.8
5748,2019,15.3
5749,2019,27.8
5750,2019,20.7
5752,2019,13.4
5754,2019,30.0
5755,2019,23.3
5756,2019,25.3
5757,2019,20.4
5758,2019,10.4
5759,2019,19.7
5760,2019,30.7
5761,2019,9.2
5762,2019,19.2
5763,2019,25.8
5764,2019,28.0
5765,2019,30.6
5766,2019,21.5
5785,2019,44.9
5788,2019,25.1
5790,2019,13.6
5792,2019,18.2
5798,2019,33.7
5799,2019,24.8
5803,2019,25.2
5804,2019,25.6
5805,2019,19.3
5806,2019,24.6
5812,2019,16.3
5813,2019,20.4
5816,2019,34.1
5817,2019,30.4
5819,2019,25.1
5821,2019,24.6
5822,2019,32.1
5827,2019,39.5
5828,2019,28.6
5830,2019,24.0
5831,2019,26.4
5841,2019,34.5
5842,2019,34.3
5843,2019,30.5
5851,2019,21.3
5852,2019,27.4
5853,2019,24.4
5854,2019,24.6
5855,2019,39.7
5856,2019,29.2
5857,2019,22.7
5858,2019,22.7
5859,2019,30.1
5860,2019,27.6
5861,2019,27.3
5862,2019,38.5
5863,2019,23.4
5871,2019,28.5
5872,2019,24.7
5873,2019,25.6
5881,2019,30.6
5882,2019,28.6
5883,2019,37.1
5884,2019,20.4
5885,2019,27.5
5886,2019,29.6
5888,2019,28.9
5889,2019,25.4
5890,2019,16.4
5891,2019,35.0
5902,2019,23.4
5903,2019,15.7
5904,2019,24.3
5905,2019,22.0
5907,2019,21.0
5908,2019,31.0
5909,2019,27.1
5910,2019,18.0
5911,2019,16.2
5912,2019,28.6
5913,2019,23.2
5914,2019,26.5
5919,2019,22.0
5921,2019,22.9
5922,2019,16.1
5923,2019,22.7
5924,2019,17.5
5925,2019,12.7
5926,2019,18.8
5928,2019,22.5
5929,2019,23.5
5930,2019,21.7
5931,2019,15.5
5932,2019,18.0
5933,2019,18.6
5934,2019,12.0
5935,2019,6.0
5937,2019,11.9
5938,2019,17.2
5939,2019,17.0
6002,2019,3.9
6004,2019,0.8
6007,2019,1.6
6008,2019,1.8
6009,2019,1.3
6010,2019,3.1
6011,2019,1.7
6021,2019,16.9
6022,2019,18.1
6023,2019,22.8
6024,2019,22.8
6025,2019,23.5
6032,2019,40.2
6033,2019,18.9
6034,2019,24.3
6035,2019,21.5
6037,2019,20.7
6052,2019,3.1
6054,2019,0.5
6056,2019,0.5
6057,2019,3.1
6058,2019,0.4
6061,2019,1.1
6076,2019,1.3
6077,2019,1.2
6082,2019,14.6
6083,2019,19.7
6084,2019,9.6
6087,2019,12.4
6089,2019,19.1
6090,2019,16.1
6101,2019,1.0
6102,2019,0.4
6104,2019,1.6
6109,2019,0.8
6110,2019,1.2
6111,2019,2.5
6112,2019,2.4
6113,2019,3.9
6116,2019,1.4
6117,2019,0.6
6118,2019,1.4
6119,2019,1.8
6131,2019,18.8
6133,2019,19.8
6134,2019,49.5
6135,2019,29.8
6136,2019,32.3
6137,2019,23.3
6139,2019,34.7
6140,2019,17.1
6141,2019,23.8
6142,2019,34.1
6151,2019,30.0
6152,2019,21.5
6153,2019,28.5
6154,2019,30.9
6155,2019,28.9
6156,2019,28.8
6157,2019,21.9
6158,2019,24.1
6159,2019,36.0
6172,2019,0.0
6173,2019,1.7
6177,2019,3.1
6181,2019,2.5
6191,2019,1.0
6192,2019,0.5
6193,2019,2.5
6194,2019,0.6
6195,2019,0.9
6197,2019,1.1
6198,2019,0.2
6199,2019,0.9
6201,2019,0.9
6202,2019,0.9
6203,2019,3.1
6204,2019,0.9
6205,2019,1.0
6211,2019,32.3
6212,2019,39.1
6213,2019,17.0
6214,2019,22.6
6215,2019,20.0
6217,2019,22.0
6218,2019,34.1
6219,2019,22.6
6220,2019,18.3
6232,2019,26.0
6235,2019,19.8
6238,2019,21.1
6239,2019,15.6
6240,2019,22.7
6246,2019,23.6
6248,2019,20.2
6252,2019,19.3
6253,2019,21.4
6254,2019,33.3
6261,2019,10.7
6263,2019,15.6
6265,2019,19.6
6266,2019,15.9
6267,2019,10.9
6281,2019,2.3
6282,2019,0.2
6283,2019,1.0
6285,2019,0.5
6286,2019,3.4
6287,2019,1.6
6288,2019,4.6
6289,2019,1.0
6290,2019,6.4
6291,2019,2.4
6292,2019,1.2
6293,2019,1.5
6294,2019,1.5
6295,2019,3.4
6296,2019,1.3
6297,2019,3.3
6298,2019,0.6
6299,2019,1.1
6300,2019,10.5
6404,2019,23.6
6408,2019,28.9
6413,2019,30.1
6416,2019,28.7
6417,2019,25.8
6421,2019,13.5
6422,2019,16.5
6423,2019,29.0
6432,2019,40.5
6433,2019,31.9
6434,2019,40.6
6435,2019,19.9
6436,2019,18.3
6437,2019,29.7
6451,2019,28.3
6452,2019,29.1
6453,2019,21.9
6454,2019,34.6
6455,2019,31.6
6456,2019,33.5
6458,2019,19.5
6459,2019,30.4
6461,2019,23.4
6487,2019,24.6
6504,2019,25.1
6511,2019,36.9
6512,2019,26.1
6601,2019,20.7
6602,2019,36.9
6603,2019,11.2
6604,2019,19.0
6605,2019,19.2
6606,2019,24.3
6607,2019,16.3
6608,2019,14.7
6609,2019,23.3
6610,2019,29.4
6611,2019,10.6
6612,2019,29.9
6613,2019,15.9
6614,2019,24.9
6615,2019,22.6
6616,2019,36.6
6617,2019,41.8
6618,2019,19.3
6619,2019,34.6
6620,2019,19.3
6621,2019,15.1
6622,2019,25.8
6623,2019,14.7
6624,2019,19.3
6625,2019,21.6
6626,2019,29.2
6627,2019,17.7
6628,2019,12.2
6629,2019,20.2
6630,2019,12.5
6631,2019,12.8
6632,2019,15.0
6633,2019,18.8
6634,2019,30.0
6635,2019,18.3
6636,2019,15.9
6637,2019,29.7
6638,2019,21.5
6639,2019,24.0
6640,2019,20.9
6641,2019,32.1
6642,2019,42.0
6643,2019,9.6
6644,2019,16.6
6645,2019,28.5
6702,2019,8.7
6703,2019,1.7
6704,2019,2.7
6706,2019,4.8
6708,2019,4.3
6709,2019,6.6
6710,2019,6.7
6711,2019,6.4
6712,2019,4.7
6713,2019,0.0
6715,2019,2.6
6716,2019,1.0
6718,2019,3.3
6719,2019,12.4
6721,2019,5.4
6722,2019,2.3
6724,2019,4.8
6729,2019,5.8
6730,2019,3.4
6741,2019,6.9
6742,2019,9.2
6743,2019,21.7
6744,2019,11.4
6745,2019,7.1
6748,2019,23.2
6750,2019,5.7
6751,2019,10.1
6753,2019,24.1
6754,2019,11.4
6757,2019,8.8
6758,2019,1.6
6759,2019,8.0
6771,2019,10.6
6773,2019,12.2
6774,2019,6.1
6775,2019,11.6
6778,2019,17.6
6781,2019,9.8
6782,2019,30.5
6783,2019,6.5
6784,2019,15.7
6785,2019,10.9
6787,2019,16.1
6789,2019,8.8
6790,2019,7.6
6792,2019,9.4
6793,2019,15.3
6800,2019,12.2
6806,2019,19.1
6807,2019,13.8
6808,2019,4.5
6809,2019,8.4
6810,2019,13.8
