geo,year,total_tax
che,2019,11262630545
1,2019,5300917
2,2019,11849676
3,2019,7681474
4,2019,6399448
5,2019,7091185
6,2019,2443977
7,2019,2929522
8,2019,514684
9,2019,7864223
10,2019,5325849
11,2019,3368372
12,2019,1730029
13,2019,7669416
14,2019,16009069
21,2019,578627
22,2019,1261667
23,2019,2000972
24,2019,1155497
25,2019,2254326
26,2019,803314
27,2019,4257032
28,2019,1270346
29,2019,2835197
30,2019,3357891
31,2019,2152888
32,2019,680878
33,2019,2045661
34,2019,4003198
35,2019,2402205
37,2019,1338894
38,2019,1068305
39,2019,1016748
40,2019,922693
41,2019,435040
43,2019,507995
51,2019,4669555
52,2019,13238825
53,2019,22945217
54,2019,9725798
55,2019,6748852
56,2019,8865781
57,2019,2765885
58,2019,4307931
59,2019,2439959
60,2019,1719610
61,2019,1396471
62,2019,19308525
63,2019,4185804
64,2019,12183692
65,2019,1370419
66,2019,19974895
67,2019,4906160
68,2019,1862029
69,2019,27054722
70,2019,491043
71,2019,2246522
72,2019,14804644
81,2019,602750
82,2019,4603749
83,2019,6723430
84,2019,3986702
85,2019,2099779
86,2019,5106198
87,2019,1508227
88,2019,9476175
89,2019,4178657
90,2019,7535659
91,2019,4104872
92,2019,3953834
93,2019,2624139
94,2019,3324228
95,2019,954612
96,2019,16925908
97,2019,7089247
98,2019,769329
99,2019,1890197
100,2019,2277266
101,2019,3866861
102,2019,1235648
111,2019,4676626
112,2019,8898639
113,2019,6571948
114,2019,1431226
115,2019,12460541
116,2019,5045507
117,2019,10946232
118,2019,8856127
119,2019,1771663
120,2019,6694843
121,2019,20896341
131,2019,33068029
135,2019,64057134
136,2019,14769114
137,2019,17562760
138,2019,23177452
139,2019,43795275
141,2019,55374707
151,2019,48235027
152,2019,47277510
153,2019,10307909
154,2019,119746437
155,2019,27815667
156,2019,66820234
157,2019,3612981
158,2019,36174785
159,2019,22250310
160,2019,39779704
161,2019,88711305
172,2019,7103890
173,2019,4114453
176,2019,6733787
177,2019,16646665
178,2019,6364078
180,2019,4551436
181,2019,1330447
182,2019,908128
191,2019,38610442
192,2019,16473673
193,2019,14441959
194,2019,9683690
195,2019,31379067
196,2019,4113811
197,2019,5713968
198,2019,45406978
199,2019,21952906
200,2019,11564977
211,2019,571291
213,2019,4486859
214,2019,1395468
215,2019,1338958
216,2019,2119060
218,2019,1025155
219,2019,3798484
220,2019,1127654
221,2019,6435124
223,2019,8211637
224,2019,2942336
225,2019,2452625
226,2019,525488
227,2019,13273388
228,2019,2866499
230,2019,99575253
231,2019,4388403
241,2019,3893196
242,2019,10027958
243,2019,16343157
244,2019,6800240
245,2019,9717045
246,2019,5132593
247,2019,12389377
248,2019,29958410
249,2019,8971606
250,2019,10441288
251,2019,6759808
261,2019,727298607
292,2019,2568827
293,2019,42505096
294,2019,4603859
295,2019,54426863
296,2019,15721653
297,2019,3959911
298,2019,9224581
301,2019,3294389
302,2019,466324
303,2019,2084859
304,2019,1447576
305,2019,1344942
306,2019,13934491
307,2019,2846784
309,2019,868203
310,2019,2740709
311,2019,3245152
312,2019,2423286
321,2019,2741797
322,2019,133634
323,2019,366361
324,2019,359226
325,2019,100335
326,2019,222970
329,2019,11554521
331,2019,1351978
332,2019,2140491
333,2019,693601
334,2019,210012
335,2019,67389
336,2019,85201
337,2019,1850644
338,2019,574318
339,2019,207931
340,2019,225812
341,2019,470035
342,2019,1864636
344,2019,313264
345,2019,905093
351,2019,146630699
352,2019,9902977
353,2019,7405228
354,2019,5112912
355,2019,40974684
356,2019,37518553
357,2019,624260
358,2019,3628584
359,2019,5353142
360,2019,13269585
361,2019,9035080
362,2019,11680496
363,2019,10061393
371,2019,32415396
372,2019,4379432
381,2019,989887
382,2019,549683
383,2019,2836921
385,2019,829835
386,2019,678722
387,2019,3091569
388,2019,600546
389,2019,35536
390,2019,780381
391,2019,466528
392,2019,2044243
393,2019,438397
394,2019,418319
401,2019,528398
402,2019,442090
403,2019,866354
404,2019,11423245
405,2019,1334502
406,2019,1341774
407,2019,860089
408,2019,83146
409,2019,1766463
410,2019,195447
411,2019,282978
412,2019,5026223
413,2019,1316736
414,2019,1518535
415,2019,869012
416,2019,89736
418,2019,1078040
420,2019,1110032
421,2019,21537
422,2019,78929
423,2019,127097
424,2019,997678
431,2019,1103432
432,2019,290072
433,2019,356397
434,2019,938112
435,2019,219517
437,2019,47081
438,2019,785430
441,2019,381169
442,2019,97868
443,2019,2701128
444,2019,951725
445,2019,411128
446,2019,2737897
448,2019,763544
449,2019,489623
450,2019,933901
491,2019,393172
492,2019,1207712
493,2019,295993
494,2019,746322
495,2019,704359
496,2019,3036209
497,2019,497863
498,2019,1052984
499,2019,373583
500,2019,300238
501,2019,355859
502,2019,681335
533,2019,2121626
535,2019,106010
536,2019,276667
538,2019,3957211
540,2019,5077035
541,2019,593445
543,2019,618082
544,2019,3038095
546,2019,7544547
551,2019,3713692
552,2019,2896872
553,2019,54194
554,2019,514542
556,2019,218450
557,2019,549925
561,2019,1309438
562,2019,1169797
563,2019,3209941
564,2019,183638
565,2019,672112
566,2019,616320
567,2019,1503781
571,2019,872619
572,2019,1231409
573,2019,1558077
574,2019,237406
575,2019,208694
576,2019,2801728
577,2019,220350
578,2019,78804
579,2019,136544
580,2019,212488
581,2019,3930726
582,2019,173129
584,2019,1316861
585,2019,679996
586,2019,58935
587,2019,1940199
588,2019,154335
589,2019,197454
590,2019,1453216
591,2019,17130
592,2019,350347
593,2019,4771986
594,2019,1206104
602,2019,351312
603,2019,1087465
605,2019,522939
606,2019,227339
607,2019,215274
608,2019,2889130
609,2019,234695
610,2019,743365
611,2019,703081
612,2019,3545544
613,2019,221598
614,2019,733101
615,2019,343344
616,2019,12258095
617,2019,326330
619,2019,2353737
620,2019,329190
622,2019,749826
623,2019,2300306
626,2019,763538
627,2019,9715650
628,2019,715922
629,2019,102647
630,2019,1215477
632,2019,3124238
661,2019,6111
662,2019,811642
663,2019,1428304
665,2019,111705
666,2019,243048
667,2019,2239408
668,2019,2545851
669,2019,540230
670,2019,3566149
671,2019,219078
681,2019,182708
683,2019,119392
687,2019,124400
690,2019,712052
691,2019,211969
692,2019,201686
694,2019,204616
696,2019,218638
700,2019,3460882
701,2019,302368
703,2019,1041879
704,2019,102955
706,2019,209457
707,2019,35046
708,2019,10791
709,2019,7609
711,2019,117745
713,2019,1579659
715,2019,7375
716,2019,111898
717,2019,1813817
723,2019,5947824
724,2019,573734
726,2019,1246039
731,2019,1012020
732,2019,2834475
733,2019,2281907
734,2019,524452
735,2019,172740
736,2019,243169
737,2019,193349
738,2019,605319
739,2019,4317685
740,2019,1284465
741,2019,1414925
742,2019,3531549
743,2019,4595809
744,2019,1401328
745,2019,4088442
746,2019,1286091
747,2019,669212
748,2019,489795
749,2019,1893471
750,2019,1523887
751,2019,3129484
754,2019,789576
755,2019,1650392
756,2019,1649896
761,2019,277566
762,2019,855567
763,2019,977684
766,2019,209501
767,2019,396595
768,2019,9891989
769,2019,861667
770,2019,382604
782,2019,97754
783,2019,375526
784,2019,433930
785,2019,2325000
786,2019,198057
791,2019,349495
792,2019,1201787
793,2019,362672
794,2019,1646434
841,2019,772067
842,2019,1395901
843,2019,29035602
852,2019,338411
853,2019,757963
855,2019,3579450
861,2019,9252947
863,2019,577650
866,2019,1766261
867,2019,377010
868,2019,213886
869,2019,791422
870,2019,3888717
872,2019,1372597
873,2019,168753
874,2019,199552
876,2019,772924
877,2019,312155
879,2019,1651221
880,2019,797646
881,2019,270282
883,2019,1337092
884,2019,1939038
885,2019,1612307
886,2019,1411193
888,2019,841045
901,2019,605914
902,2019,4779786
903,2019,958836
904,2019,378905
905,2019,1093407
906,2019,192128
907,2019,896563
908,2019,236865
909,2019,428885
921,2019,562371
922,2019,507128
923,2019,709234
924,2019,113022
925,2019,497954
927,2019,285812
928,2019,3941491
929,2019,8111764
931,2019,175005
932,2019,31606
934,2019,3956797
935,2019,137231
936,2019,96020
937,2019,79763
938,2019,4097499
939,2019,10899720
940,2019,29679
941,2019,1507074
942,2019,31637653
943,2019,270274
944,2019,3577257
945,2019,320291
946,2019,44947
947,2019,203955
948,2019,332879
951,2019,423375
952,2019,307835
953,2019,343988
954,2019,2363310
955,2019,1847354
956,2019,1739041
957,2019,1968987
958,2019,306947
959,2019,134944
960,2019,251048
971,2019,1023471
972,2019,42884
973,2019,337935
975,2019,150693
976,2019,123348
977,2019,496309
979,2019,4853331
980,2019,283204
981,2019,2903535
982,2019,891884
983,2019,1209418
985,2019,162837
987,2019,278286
988,2019,695945
989,2019,632635
990,2019,120012
991,2019,429424
992,2019,1596129
993,2019,221503
995,2019,1359804
996,2019,282184
1001,2019,252144
1002,2019,1353181
1004,2019,661198
1005,2019,518277
1007,2019,122861
1008,2019,1663686
1009,2019,646410
1010,2019,1345984
1021,2019,1215745
1022,2019,262039
1023,2019,2273061
1024,2019,14083769
1025,2019,799068
1026,2019,3754965
1030,2019,4492768
1031,2019,6015843
1032,2019,1708913
1033,2019,2369223
1037,2019,2727045
1039,2019,1081465
1040,2019,6186737
1041,2019,900941
1051,2019,7475093
1052,2019,5981804
1053,2019,979379
1054,2019,10150731
1055,2019,2099249
1056,2019,1999203
1057,2019,529238
1058,2019,67612642
1059,2019,20682838
1061,2019,100023238
1062,2019,4804339
1063,2019,43590766
1064,2019,1908428
1065,2019,3273923
1066,2019,1049272
1067,2019,3319008
1068,2019,3215846
1069,2019,23347807
1081,2019,4080095
1082,2019,1399942
1083,2019,2606974
1084,2019,4082852
1085,2019,2151999
1086,2019,1765989
1088,2019,3283793
1089,2019,2256652
1091,2019,1846535
1093,2019,4740987
1094,2019,3182537
1095,2019,5760754
1097,2019,1927520
1098,2019,3717368
1099,2019,7437030
1100,2019,663240
1102,2019,5859568
1103,2019,9821787
1104,2019,2827349
1107,2019,2104176
1121,2019,289981
1122,2019,804761
1123,2019,1281967
1125,2019,4040344
1126,2019,182297
1127,2019,1474032
1128,2019,1362295
1129,2019,240246
1130,2019,376773
1131,2019,445406
1132,2019,556223
1135,2019,271709
1136,2019,1545667
1137,2019,2630193
1139,2019,1573372
1140,2019,3673576
1142,2019,270362
1143,2019,2212332
1145,2019,289330
1146,2019,1553112
1147,2019,1004619
1150,2019,1015713
1151,2019,4904144
1201,2019,9523792
1202,2019,3765963
1203,2019,1183943
1204,2019,205447
1205,2019,2202600
1206,2019,1500099
1207,2019,2377561
1208,2019,155975
1209,2019,139473
1210,2019,76898
1211,2019,95882
1212,2019,155225
1213,2019,3662368
1214,2019,1197096
1215,2019,474104
1216,2019,751738
1217,2019,294947
1218,2019,211853
1219,2019,205345
1220,2019,131766
1301,2019,17552133
1311,2019,3985431
1321,2019,76587505
1322,2019,142881563
1323,2019,115552676
1331,2019,42331657
1341,2019,28221517
1342,2019,7443298
1343,2019,121357
1344,2019,22509102
1345,2019,4020330
1346,2019,7353158
1347,2019,4881590
1348,2019,542665
1349,2019,6310963
1361,2019,789107
1362,2019,11180134
1363,2019,284752
1364,2019,12395221
1365,2019,788084
1366,2019,1040478
1367,2019,1421949
1368,2019,1094065
1369,2019,4810
1370,2019,1560141
1371,2019,2351533
1372,2019,17335890
1373,2019,2422110
1374,2019,828529
1375,2019,1403436
1401,2019,4796161
1402,2019,11779180
1403,2019,2163382
1404,2019,4396279
1405,2019,2607282
1406,2019,6188491
1407,2019,41948936
1501,2019,5632288
1502,2019,5258405
1503,2019,1082703
1504,2019,1992198
1505,2019,11424770
1506,2019,1912393
1507,2019,54377636
1508,2019,2182021
1509,2019,9789129
1510,2019,11994829
1511,2019,874090
1630,2019,14419984
1631,2019,6121722
1632,2019,11341812
1701,2019,71246153
1702,2019,39680902
1703,2019,28721373
1704,2019,5921162
1705,2019,5347024
1706,2019,33057256
1707,2019,29242840
1708,2019,20003220
1709,2019,22614352
1710,2019,27918535
1711,2019,215546268
2008,2019,492090
2009,2019,125648
2011,2019,1166840
2016,2019,574126
2022,2019,784330
2025,2019,580781
2027,2019,285467
2029,2019,1392535
2035,2019,245622
2038,2019,21393
2041,2019,1212375
2043,2019,174628
2044,2019,398448
2045,2019,489134
2050,2019,903049
2051,2019,1429078
2053,2019,3326355
2054,2019,6782409
2055,2019,2349321
2061,2019,2305935
2063,2019,410928
2066,2019,238265
2067,2019,191482
2068,2019,378906
2072,2019,475566
2079,2019,179687
2086,2019,336344
2087,2019,824530
2089,2019,237262
2096,2019,2700749
2097,2019,1012044
2099,2019,1415146
2102,2019,2277881
2111,2019,671744
2113,2019,1330496
2114,2019,877834
2115,2019,510176
2116,2019,531082
2121,2019,653488
2122,2019,1901096
2123,2019,494947
2124,2019,1358251
2125,2019,18420987
2128,2019,205147
2129,2019,707668
2130,2019,1205146
2131,2019,887938
2134,2019,736499
2135,2019,1854217
2137,2019,580859
2138,2019,169134
2140,2019,1923626
2143,2019,839591
2145,2019,2096860
2147,2019,682151
2148,2019,2416601
2149,2019,1705859
2152,2019,917688
2153,2019,806696
2155,2019,689416
2160,2019,1612505
2162,2019,627311
2163,2019,2466376
2171,2019,734958
2173,2019,541180
2174,2019,2354284
2175,2019,2262830
2177,2019,569325
2183,2019,4369370
2185,2019,407523
2186,2019,1226714
2189,2019,887229
2194,2019,307182
2196,2019,29176773
2197,2019,2365273
2198,2019,2336808
2200,2019,1309967
2206,2019,6332200
2208,2019,1926219
2211,2019,2882925
2213,2019,603424
2216,2019,532683
2217,2019,413615
2220,2019,2134397
2221,2019,1081186
2225,2019,53205
2226,2019,882442
2228,2019,16300246
2230,2019,114691
2233,2019,1864880
2234,2019,1914688
2235,2019,872668
2236,2019,4900402
2250,2019,1441527
2254,2019,3668929
2257,2019,1061613
2258,2019,388031
2259,2019,477067
2260,2019,264780
2261,2019,1245991
2262,2019,3276234
2265,2019,3547192
2266,2019,752112
2271,2019,967534
2272,2019,980600
2274,2019,2352981
2275,2019,8266121
2276,2019,1182180
2278,2019,279524
2284,2019,6271454
2291,2019,1292471
2292,2019,340321
2293,2019,6813735
2294,2019,764473
2295,2019,2814509
2296,2019,755256
2299,2019,1700035
2300,2019,491175
2301,2019,683467
2302,2019,1340684
2303,2019,322540
2304,2019,849774
2305,2019,4055201
2306,2019,2798959
2307,2019,837316
2308,2019,1855113
2309,2019,3517678
2321,2019,3961419
2323,2019,966370
2325,2019,6511801
2328,2019,799679
2333,2019,1078066
2335,2019,637596
2336,2019,833018
2337,2019,627308
2338,2019,610987
2401,2019,2974818
2402,2019,1267265
2403,2019,1269710
2404,2019,1518966
2405,2019,692308
2406,2019,1667367
2407,2019,4478118
2408,2019,1913624
2421,2019,334610
2422,2019,3625544
2423,2019,29672
2424,2019,243121
2425,2019,627617
2426,2019,896297
2427,2019,805939
2428,2019,1299549
2429,2019,497193
2445,2019,269940
2455,2019,895237
2456,2019,250789
2457,2019,1296219
2461,2019,983752
2463,2019,354529
2464,2019,1103999
2465,2019,2451022
2471,2019,1170408
2472,2019,1249493
2473,2019,13593029
2474,2019,1357699
2475,2019,2958381
2476,2019,6496123
2477,2019,1094961
2478,2019,1921728
2479,2019,2003271
2480,2019,1139532
2481,2019,2910933
2491,2019,262922
2492,2019,293247
2493,2019,4581084
2495,2019,3235082
2497,2019,1265103
2498,2019,63427
2499,2019,969645
2500,2019,3149564
2501,2019,1160211
2502,2019,352509
2503,2019,2527310
2511,2019,1305335
2513,2019,5194736
2514,2019,367800
2516,2019,1487813
2517,2019,3256185
2518,2019,694716
2519,2019,2288492
2520,2019,824717
2523,2019,839926
2524,2019,121918
2525,2019,1086480
2526,2019,4136448
2527,2019,2138775
2528,2019,789865
2529,2019,606913
2530,2019,1358310
2532,2019,2042415
2534,2019,4025537
2535,2019,518024
2541,2019,267617
2542,2019,3684217
2543,2019,6165597
2544,2019,4968465
2545,2019,657117
2546,2019,9845225
2547,2019,1447617
2548,2019,557339
2549,2019,128614
2550,2019,3230866
2551,2019,1328400
2553,2019,2599689
2554,2019,2660499
2555,2019,1503327
2556,2019,2105833
2571,2019,420238
2572,2019,1916425
2573,2019,2310681
2574,2019,237929
2575,2019,1341113
2576,2019,1934029
2578,2019,1385412
2579,2019,4686860
2580,2019,3536781
2581,2019,16970171
2582,2019,1359198
2583,2019,2632743
2584,2019,2476370
2585,2019,463757
2586,2019,4342739
2601,2019,19929199
2611,2019,441119
2612,2019,102671
2613,2019,3105471
2614,2019,2520222
2615,2019,771193
2616,2019,385691
2617,2019,279749
2618,2019,1092839
2619,2019,625695
2620,2019,385834
2621,2019,1521412
2622,2019,292755
2701,2019,308618779
2702,2019,7655054
2703,2019,59183092
2761,2019,12100547
2762,2019,28126239
2763,2019,26895323
2764,2019,9386699
2765,2019,52468731
2766,2019,6998599
2767,2019,27880751
2768,2019,6851877
2769,2019,14913432
2770,2019,24465051
2771,2019,26095749
2772,2019,7418169
2773,2019,30553871
2774,2019,2657045
2775,2019,19039304
2781,2019,1104588
2782,2019,1040642
2783,2019,515729
2784,2019,443152
2785,2019,1807996
2786,2019,1376631
2787,2019,4434641
2788,2019,754775
2789,2019,488127
2790,2019,164495
2791,2019,2300381
2792,2019,977378
2793,2019,1807547
2821,2019,2239162
2822,2019,1095819
2823,2019,4208045
2824,2019,6085816
2825,2019,6038689
2826,2019,896577
2827,2019,474964
2828,2019,3596415
2829,2019,15189650
2830,2019,1677686
2831,2019,11231189
2832,2019,1302987
2833,2019,2603554
2834,2019,1155834
2841,2019,336469
2842,2019,1087544
2843,2019,514821
2844,2019,809242
2845,2019,687259
2846,2019,4839098
2847,2019,218989
2848,2019,214859
2849,2019,1800932
2850,2019,594835
2851,2019,114716
2852,2019,1021143
2853,2019,1419886
2854,2019,352842
2855,2019,250424
2856,2019,2210384
2857,2019,563347
2858,2019,614532
2859,2019,175199
2860,2019,684478
2861,2019,8947855
2862,2019,472430
2863,2019,764418
2864,2019,1043110
2865,2019,548459
2866,2019,537399
2867,2019,488298
2868,2019,277947
2869,2019,1614043
2881,2019,892931
2882,2019,586508
2883,2019,392159
2884,2019,1080852
2885,2019,228762
2886,2019,2056655
2887,2019,604553
2888,2019,498231
2889,2019,185504
2890,2019,78535
2891,2019,1493527
2892,2019,1514912
2893,2019,971305
2894,2019,279072
2895,2019,726730
2901,2019,591443
2903,2019,1503471
2904,2019,1467400
2914,2019,418797
2915,2019,1141583
2917,2019,670008
2919,2019,3114651
2920,2019,3796666
2931,2019,198119
2932,2019,3257614
2933,2019,2572646
2936,2019,483530
2937,2019,6288918
2938,2019,1389769
2939,2019,35102459
2951,2019,241337
2952,2019,1067111
2953,2019,764367
2961,2019,265593
2962,2019,484861
2963,2019,856922
2964,2019,3758325
2971,2019,1249919
2972,2019,250950
2973,2019,336957
2974,2019,1135979
3001,2019,15384263
3002,2019,281801
3003,2019,223613
3004,2019,884922
3005,2019,1280885
3006,2019,971199
3007,2019,1117845
3021,2019,878341
3022,2019,3284870
3023,2019,5389066
3024,2019,16754980
3025,2019,1678437
3031,2019,723926
3032,2019,3502238
3033,2019,1230972
3034,2019,1614235
3035,2019,523218
3036,2019,526727
3037,2019,2687751
3038,2019,1402358
3101,2019,10878236
3102,2019,1362626
3103,2019,6517692
3104,2019,1473725
3105,2019,2090002
3111,2019,1540461
3201,2019,1217959
3202,2019,737730
3203,2019,72761676
3204,2019,6621883
3211,2019,1560725
3212,2019,1963645
3213,2019,10436569
3214,2019,9513806
3215,2019,4497863
3216,2019,7512184
3217,2019,2744461
3218,2019,2472876
3219,2019,1017068
3231,2019,6868378
3232,2019,7993855
3233,2019,5056024
3234,2019,5927302
3235,2019,1776292
3236,2019,2572833
3237,2019,8908787
3238,2019,8076301
3251,2019,12549149
3252,2019,1244773
3253,2019,1860778
3254,2019,8057088
3255,2019,3242165
3256,2019,1423912
3271,2019,9446925
3272,2019,2428016
3273,2019,5812689
3274,2019,3846920
3275,2019,2992716
3276,2019,2743254
3291,2019,5285130
3292,2019,2121118
3293,2019,4839918
3294,2019,637661
3295,2019,1815561
3296,2019,3948662
3297,2019,2995562
3298,2019,4223426
3311,2019,1846273
3312,2019,1841142
3313,2019,3246947
3315,2019,1883572
3316,2019,1995143
3338,2019,3630109
3339,2019,4260268
3340,2019,50433712
3341,2019,6142606
3342,2019,8229215
3352,2019,2416350
3359,2019,1216909
3360,2019,2037773
3372,2019,387407
3374,2019,929480
3375,2019,640449
3378,2019,1521818
3379,2019,5036432
3392,2019,7057714
3393,2019,858343
3394,2019,1336891
3395,2019,3152249
3401,2019,1892045
3402,2019,6624539
3405,2019,2954011
3407,2019,5621658
3408,2019,8255076
3422,2019,933277
3423,2019,2712821
3424,2019,4704193
3426,2019,7261081
3427,2019,25366009
3441,2019,2103685
3442,2019,11495977
3443,2019,17283271
3444,2019,2895292
3506,2019,4794075
3513,2019,495703
3514,2019,116881
3542,2019,598225
3543,2019,1315218
3544,2019,404578
3551,2019,439882
3561,2019,1640612
3572,2019,791842
3575,2019,3484783
3581,2019,415915
3582,2019,351692
3603,2019,484145
3618,2019,929760
3619,2019,3756398
3633,2019,431999
3637,2019,130432
3638,2019,591343
3640,2019,390001
3661,2019,918231
3662,2019,73961
3663,2019,243702
3668,2019,1379358
3669,2019,21116
3670,2019,95737
3672,2019,254000
3673,2019,1278363
3681,2019,67107
3695,2019,69876
3701,2019,375910
3703,2019,17737
3705,2019,51371
3707,2019,19283
3708,2019,16033
3711,2019,14978
3712,2019,221878
3713,2019,46204
3714,2019,305322
3721,2019,2471100
3722,2019,4824837
3723,2019,829148
3731,2019,1863043
3732,2019,4522278
3733,2019,919803
3734,2019,932337
3746,2019,995265
3752,2019,679212
3762,2019,3481969
3764,2019,341851
3781,2019,938531
3782,2019,7306066
3783,2019,247727
3784,2019,4752717
3785,2019,1957817
3786,2019,3617224
3787,2019,24227036
3788,2019,1577178
3789,2019,1366985
3790,2019,4740261
3791,2019,1990611
3792,2019,1603328
3804,2019,29190
3805,2019,243251
3808,2019,61603
3810,2019,373750
3821,2019,317410
3822,2019,740382
3823,2019,299530
3831,2019,441596
3832,2019,668853
3834,2019,1126738
3835,2019,501621
3837,2019,53024
3847,2019,771333
3851,2019,14449298
3861,2019,361051
3862,2019,50555
3863,2019,560887
3871,2019,8852886
3881,2019,220045
3882,2019,359949
3891,2019,732259
3901,2019,35560239
3911,2019,1382180
3921,2019,2969485
3926,2019,215602
3932,2019,112776
3941,2019,848561
3945,2019,2716100
3946,2019,1709854
3947,2019,3007853
3951,2019,1218982
3952,2019,1175085
3953,2019,8643554
3954,2019,3405447
3955,2019,4900129
3961,2019,1374507
3962,2019,1290934
3972,2019,1081392
3981,2019,793817
3982,2019,951212
3983,2019,183265
3985,2019,336829
3986,2019,648194
3987,2019,491729
3988,2019,760697
4001,2019,27662488
4002,2019,3719456
4003,2019,6120121
4004,2019,552396
4005,2019,5716860
4006,2019,5228879
4007,2019,2121671
4008,2019,7840448
4009,2019,3469008
4010,2019,5027006
4012,2019,7101323
4013,2019,3260479
4021,2019,30762869
4022,2019,2697756
4023,2019,6279332
4024,2019,3648520
4026,2019,8795742
4027,2019,4301079
4028,2019,989091
4029,2019,4932906
4030,2019,2082927
4031,2019,1424708
4032,2019,1630532
4033,2019,4476434
4034,2019,4110777
4035,2019,5216915
4037,2019,8580982
4038,2019,10341395
4039,2019,4484121
4040,2019,4935567
4041,2019,2315364
4042,2019,2034812
4044,2019,6089057
4045,2019,23770535
4046,2019,1288063
4047,2019,3746575
4048,2019,9124543
4049,2019,5111693
4061,2019,3355779
4062,2019,6115760
4063,2019,9155454
4064,2019,1030742
4065,2019,2546603
4066,2019,1072191
4067,2019,1218447
4068,2019,2775259
4071,2019,3774573
4072,2019,2325757
4073,2019,4467369
4074,2019,9265207
4075,2019,4707235
4076,2019,2235315
4077,2019,956215
4078,2019,385900
4079,2019,1777486
4080,2019,4780662
4081,2019,9355732
4082,2019,11390729
4083,2019,5447128
4084,2019,1086743
4091,2019,2633244
4092,2019,2631791
4093,2019,626000
4094,2019,592028
4095,2019,10702616
4096,2019,619171
4097,2019,273076
4099,2019,880561
4100,2019,3264520
4104,2019,2717116
4105,2019,303585
4106,2019,271315
4107,2019,799125
4110,2019,971901
4111,2019,1124672
4112,2019,652149
4114,2019,1066038
4117,2019,606534
4120,2019,1030324
4121,2019,1577394
4122,2019,1158522
4123,2019,6298220
4124,2019,1967026
4125,2019,2039019
4131,2019,4315880
4132,2019,1575694
4133,2019,472657
4134,2019,806782
4135,2019,1897145
4136,2019,1048743
4137,2019,331163
4138,2019,632725
4139,2019,3172204
4140,2019,1467153
4141,2019,3734135
4142,2019,643550
4143,2019,416270
4144,2019,3660197
4145,2019,808990
4146,2019,1579805
4147,2019,735314
4161,2019,1680223
4163,2019,5409330
4164,2019,783449
4165,2019,4388627
4166,2019,1556487
4167,2019,499928
4169,2019,2264384
4170,2019,2708623
4172,2019,835951
4173,2019,396433
4175,2019,921040
4176,2019,447316
4177,2019,1458126
4179,2019,667337
4181,2019,980592
4182,2019,670743
4183,2019,1122650
4184,2019,1550109
4191,2019,556978
4192,2019,1279972
4193,2019,619538
4194,2019,1618069
4195,2019,1115267
4196,2019,1301743
4197,2019,408272
4198,2019,684511
4199,2019,846764
4200,2019,2517272
4201,2019,11309336
4202,2019,13764641
4203,2019,5061550
4204,2019,2813854
4205,2019,1892460
4206,2019,4474458
4207,2019,2161375
4208,2019,6313616
4209,2019,3626950
4210,2019,4737029
4221,2019,669416
4222,2019,1579343
4223,2019,1698750
4224,2019,1885744
4226,2019,481310
4227,2019,665475
4228,2019,1743896
4229,2019,679107
4230,2019,974072
4231,2019,1116304
4232,2019,358256
4233,2019,489703
4234,2019,3246157
4235,2019,740369
4236,2019,7217524
4237,2019,1234283
4238,2019,941775
4239,2019,3584118
4240,2019,2231463
4251,2019,417759
4252,2019,5677826
4253,2019,7260480
4254,2019,10691546
4255,2019,1387940
4256,2019,661713
4257,2019,1072631
4258,2019,17810349
4259,2019,676904
4260,2019,2874875
4261,2019,3328851
4262,2019,907118
4263,2019,2846151
4264,2019,893988
4271,2019,4106545
4273,2019,592375
4274,2019,2870738
4275,2019,494357
4276,2019,2795321
4277,2019,599270
4279,2019,2105411
4280,2019,7656549
4281,2019,939256
4282,2019,6870924
4283,2019,2131218
4284,2019,637838
4285,2019,2537296
4286,2019,940467
4287,2019,1267054
4288,2019,106977
4289,2019,13060537
4301,2019,270850
4302,2019,80219
4303,2019,2454633
4304,2019,2703064
4305,2019,2246924
4306,2019,337588
4307,2019,674665
4308,2019,295066
4309,2019,2850278
4310,2019,744957
4311,2019,976214
4312,2019,2958288
4313,2019,1453581
4314,2019,132886
4315,2019,460043
4316,2019,333244
4317,2019,142892
4318,2019,1506250
4319,2019,506095
4320,2019,954677
4322,2019,252184
4323,2019,3108483
4401,2019,8814585
4406,2019,539404
4411,2019,4074478
4416,2019,654894
4421,2019,5286785
4426,2019,1321910
4431,2019,3899778
4436,2019,8388390
4441,2019,818564
4446,2019,288866
4451,2019,3166413
4461,2019,9183184
4471,2019,3349869
4476,2019,2076303
4486,2019,1416460
4495,2019,638231
4501,2019,1905813
4506,2019,2376729
4511,2019,1509019
4536,2019,1431835
4545,2019,2964618
4546,2019,1355288
4551,2019,7278644
4561,2019,2138849
4566,2019,28188560
4571,2019,4547173
4590,2019,543037
4591,2019,1987095
4601,2019,1668081
4606,2019,2036429
4611,2019,923743
4616,2019,1148393
4621,2019,4129943
4641,2019,2573981
4643,2019,6618287
4646,2019,6888132
4651,2019,518846
4656,2019,1571663
4666,2019,2041000
4671,2019,22329095
4681,2019,753195
4683,2019,1175051
4691,2019,4777597
4696,2019,5349780
4701,2019,783287
4711,2019,1800572
4716,2019,1790431
4721,2019,2004985
4723,2019,740793
4724,2019,4633287
4726,2019,2037355
4741,2019,1787131
4746,2019,4500242
4751,2019,1498070
4756,2019,573884
4761,2019,6532805
4776,2019,911573
4781,2019,4230623
4786,2019,2393693
4791,2019,1233241
4801,2019,1254608
4806,2019,1555787
4811,2019,1348452
4816,2019,1406067
4821,2019,2192109
4826,2019,1031099
4831,2019,2152120
4841,2019,1330458
4846,2019,392585
4851,2019,2878924
4864,2019,4970850
4871,2019,1219871
4881,2019,1159525
4891,2019,3393752
4901,2019,981259
4911,2019,2132270
4921,2019,1428171
4941,2019,2859105
4946,2019,10753956
4951,2019,1738695
5001,2019,3269168
5002,2019,30496338
5003,2019,1100254
5009,2019,162614
5010,2019,1123670
5017,2019,1505191
5048,2019,848221
5049,2019,658179
5050,2019,1175759
5061,2019,887948
5063,2019,367437
5064,2019,249965
5071,2019,176251
5072,2019,1317414
5073,2019,269256
5076,2019,156440
5077,2019,277954
5078,2019,174975
5079,2019,550506
5091,2019,10983735
5095,2019,118839
5096,2019,603718
5097,2019,2501353
5102,2019,1608
5105,2019,49328
5108,2019,3224075
5112,2019,515330
5113,2019,10322279
5115,2019,5219952
5117,2019,82098
5118,2019,9633226
5120,2019,4099378
5121,2019,1221619
5125,2019,2452894
5129,2019,22858
5131,2019,1742970
5135,2019,109221
5136,2019,262651
5138,2019,2128738
5141,2019,4020147
5143,2019,500382
5144,2019,632823
5146,2019,248293
5148,2019,1529792
5149,2019,471806
5151,2019,3878864
5154,2019,2176989
5160,2019,641615
5161,2019,1210153
5162,2019,1521362
5167,2019,3340546
5171,2019,2920507
5176,2019,6732830
5178,2019,734364
5180,2019,3472939
5181,2019,384897
5186,2019,396715
5187,2019,1719543
5189,2019,753238
5192,2019,119780580
5193,2019,2358890
5194,2019,1485268
5195,2019,1721645
5196,2019,9602540
5197,2019,1932673
5198,2019,3024066
5199,2019,1798816
5200,2019,114348
5202,2019,433585
5203,2019,4678219
5205,2019,1728751
5206,2019,583388
5207,2019,465750
5208,2019,3560162
5210,2019,12598488
5212,2019,2390795
5213,2019,622322
5214,2019,6331566
5216,2019,1590040
5219,2019,1027255
5221,2019,4881044
5222,2019,510386
5225,2019,5077580
5226,2019,5631184
5227,2019,1886516
5230,2019,1295442
5231,2019,2141695
5233,2019,2140284
5236,2019,21623692
5237,2019,988371
5238,2019,2120160
5242,2019,2430002
5249,2019,3828090
5250,2019,5047832
5251,2019,2561392
5254,2019,18266014
5257,2019,4281146
5260,2019,2546045
5263,2019,2591898
5266,2019,3247426
5268,2019,4839962
5269,2019,1805915
5281,2019,2505754
5287,2019,1850906
5304,2019,9855
5307,2019,8475
5309,2019,12937
5310,2019,398957
5315,2019,63384
5317,2019,1296231
5323,2019,209211
5324,2019,754089
5396,2019,2524813
5397,2019,624726
5398,2019,3528247
5401,2019,4589867
5402,2019,3323100
5403,2019,233835
5404,2019,230065
5405,2019,1764376
5406,2019,363490
5407,2019,1679689
5408,2019,890650
5409,2019,12368384
5410,2019,639721
5411,2019,1277617
5412,2019,388103
5413,2019,809160
5414,2019,3656503
5415,2019,822728
5421,2019,2336356
5422,2019,7581699
5423,2019,395161
5424,2019,265371
5425,2019,832795
5426,2019,2791574
5427,2019,3988115
5428,2019,1734508
5429,2019,477667
5430,2019,472378
5431,2019,386095
5432,2019,566404
5434,2019,1590298
5435,2019,1041709
5436,2019,531671
5437,2019,361396
5451,2019,2022208
5456,2019,1771432
5458,2019,870989
5464,2019,3283471
5471,2019,538172
5472,2019,545084
5473,2019,1140231
5474,2019,375360
5475,2019,92659
5476,2019,432789
5477,2019,3493312
5478,2019,548583
5479,2019,636467
5480,2019,1142258
5481,2019,274669
5482,2019,1182270
5483,2019,301639
5484,2019,945181
5485,2019,727513
5486,2019,774814
5487,2019,398114
5488,2019,50016
5489,2019,1892913
5490,2019,235705
5491,2019,426830
5492,2019,9813192
5493,2019,260713
5494,2019,1208272
5495,2019,2134108
5496,2019,1743232
5497,2019,363173
5498,2019,1902650
5499,2019,824989
5500,2019,197044
5501,2019,1310748
5503,2019,2659341
5511,2019,1219268
5512,2019,1055275
5513,2019,478362
5514,2019,1264858
5515,2019,1095771
5516,2019,3637349
5518,2019,4538339
5520,2019,1042711
5521,2019,1363871
5522,2019,552271
5523,2019,2556675
5527,2019,1217877
5529,2019,613504
5530,2019,634737
5531,2019,425934
5533,2019,683640
5534,2019,198630
5535,2019,661387
5537,2019,957402
5539,2019,921031
5540,2019,1764524
5541,2019,1222774
5551,2019,530922
5552,2019,416475
5553,2019,1012245
5554,2019,981506
5555,2019,313337
5556,2019,398830
5557,2019,197892
5559,2019,699489
5560,2019,268311
5561,2019,3925220
5562,2019,99831
5563,2019,125287
5564,2019,71786
5565,2019,443349
5566,2019,143288
5568,2019,1880500
5571,2019,669159
5581,2019,9551185
5582,2019,4205334
5583,2019,5832078
5584,2019,18439528
5585,2019,8716611
5586,2019,136631641
5587,2019,15931248
5588,2019,7339765
5589,2019,7252986
5590,2019,56636619
5591,2019,8851678
5592,2019,2593749
5601,2019,3412220
5604,2019,2050541
5606,2019,37470961
5607,2019,2600399
5609,2019,454825
5610,2019,874302
5611,2019,4778956
5613,2019,15177386
5621,2019,552432
5622,2019,1474328
5623,2019,4082360
5624,2019,6664262
5625,2019,710092
5627,2019,2548049
5628,2019,1210893
5629,2019,335449
5631,2019,1996515
5632,2019,2240342
5633,2019,5195976
5634,2019,6640320
5635,2019,10369791
5636,2019,4609009
5637,2019,1640312
5638,2019,5311796
5639,2019,2349103
5640,2019,4053624
5642,2019,21178098
5643,2019,9370432
5644,2019,565751
5645,2019,960837
5646,2019,12325675
5648,2019,14119953
5649,2019,3141686
5650,2019,9565776
5651,2019,1562582
5652,2019,1037957
5653,2019,2857503
5654,2019,637243
5655,2019,4380755
5661,2019,331324
5663,2019,105369
5665,2019,123919
5669,2019,241906
5671,2019,148892
5673,2019,220858
5674,2019,67365
5675,2019,1870600
5678,2019,2319480
5680,2019,219258
5683,2019,142269
5684,2019,315366
5688,2019,268686
5690,2019,68087
5692,2019,548808
5693,2019,1754052
5701,2019,905029
5702,2019,8298882
5703,2019,2741177
5704,2019,5352564
5705,2019,2174849
5706,2019,3779854
5707,2019,3293270
5708,2019,3422675
5709,2019,4466555
5710,2019,1771149
5711,2019,12645575
5712,2019,16738014
5713,2019,11989503
5714,2019,3305242
5715,2019,2691533
5716,2019,3378005
5717,2019,17793428
5718,2019,8553368
5719,2019,4515252
5720,2019,3504398
5721,2019,17451862
5722,2019,890795
5723,2019,10007045
5724,2019,43288729
5725,2019,12617033
5726,2019,2923297
5727,2019,3016339
5728,2019,1411549
5729,2019,7799631
5730,2019,6693552
5731,2019,2672937
5732,2019,2867253
5741,2019,232953
5742,2019,211529
5743,2019,551988
5744,2019,543620
5745,2019,619703
5746,2019,535662
5747,2019,127151
5748,2019,149580
5749,2019,3413745
5750,2019,158638
5752,2019,226171
5754,2019,260814
5755,2019,222260
5756,2019,741398
5757,2019,3887193
5758,2019,110901
5759,2019,119664
5760,2019,383265
5761,2019,270029
5762,2019,112831
5763,2019,704960
5764,2019,1764460
5765,2019,294695
5766,2019,346400
5785,2019,625525
5788,2019,360575
5790,2019,388653
5792,2019,505349
5798,2019,413516
5799,2019,2344910
5803,2019,444679
5804,2019,1394479
5805,2019,3512327
5806,2019,2573129
5812,2019,58839
5813,2019,352253
5816,2019,1287781
5817,2019,650204
5819,2019,267847
5821,2019,149658
5822,2019,4777205
5827,2019,132893
5828,2019,37242
5830,2019,343924
5831,2019,1848405
5841,2019,2599614
5842,2019,277662
5843,2019,3854109
5851,2019,1047084
5852,2019,1735540
5853,2019,1589223
5854,2019,381500
5855,2019,4191101
5856,2019,1651849
5857,2019,3517065
5858,2019,1635466
5859,2019,6288336
5860,2019,5090114
5861,2019,12526473
5862,2019,426732
5863,2019,768776
5871,2019,1197187
5872,2019,3111798
5873,2019,594348
5881,2019,15921779
5882,2019,6736867
5883,2019,7396202
5884,2019,3209653
5885,2019,3874065
5886,2019,33079066
5888,2019,14764249
5889,2019,22319334
5890,2019,15732862
5891,2019,1018836
5902,2019,292376
5903,2019,221630
5904,2019,848639
5905,2019,655318
5907,2019,210754
5908,2019,136440
5909,2019,1920493
5910,2019,245189
5911,2019,187126
5912,2019,63988
5913,2019,664385
5914,2019,203867
5919,2019,417299
5921,2019,108335
5922,2019,685837
5923,2019,100071
5924,2019,307004
5925,2019,115975
5926,2019,945491
5928,2019,131061
5929,2019,549991
5930,2019,136575
5931,2019,324721
5932,2019,300871
5933,2019,650893
5934,2019,226316
5935,2019,332903
5937,2019,90641
5938,2019,14690991
5939,2019,2040751
6002,2019,9746374
6004,2019,138237
6007,2019,5700298
6008,2019,1450783
6009,2019,193449
6010,2019,640990
6011,2019,38789
6021,2019,1444155
6022,2019,2037064
6023,2019,4658356
6024,2019,5410796
6025,2019,3446207
6031,2019,28527260
6032,2019,80531
6033,2019,228212
6034,2019,2421385
6035,2019,365781
6036,2019,1090624
6052,2019,176665
6054,2019,31094
6056,2019,195459
6057,2019,408657
6058,2019,117294
6061,2019,164642
6076,2019,224196
6077,2019,649349
6082,2019,3119406
6083,2019,1049598
6084,2019,1308933
6087,2019,329532
6089,2019,1342714
6090,2019,871360
6101,2019,263616
6102,2019,82295
6104,2019,112795
6109,2019,29927
6110,2019,1485084
6111,2019,614813
6112,2019,26719
6113,2019,1341451
6116,2019,212338
6117,2019,211587
6118,2019,733042
6119,2019,411596
6131,2019,274647
6132,2019,749067
6133,2019,4850993
6134,2019,618549
6135,2019,1830594
6136,2019,11547901
6137,2019,1712457
6139,2019,1755073
6140,2019,1425499
6141,2019,2120505
6142,2019,65453
6151,2019,2188165
6152,2019,4917461
6153,2019,10628034
6154,2019,2610075
6155,2019,640245
6156,2019,3582999
6157,2019,1278871
6158,2019,1694856
6159,2019,2429775
6172,2019,15207
6173,2019,462126
6177,2019,79815
6181,2019,241071
6191,2019,296139
6192,2019,179696
6193,2019,222582
6194,2019,153004
6195,2019,81451
6197,2019,102690
6198,2019,384894
6199,2019,1562916
6201,2019,326605
6202,2019,208857
6203,2019,253063
6204,2019,701798
6205,2019,472681
6211,2019,434023
6212,2019,400403
6213,2019,471931
6214,2019,263161
6215,2019,852865
6217,2019,1639697
6218,2019,787382
6219,2019,660485
6220,2019,360240
6232,2019,2135498
6235,2019,558120
6238,2019,871033
6239,2019,883502
6240,2019,11146757
6241,2019,1034079
6246,2019,1349377
6248,2019,8177968
6249,2019,1940076
6250,2019,1389013
6252,2019,2724709
6253,2019,17745184
6261,2019,1303416
6263,2019,3400615
6265,2019,6443582
6266,2019,24834950
6267,2019,633481
6281,2019,628227
6282,2019,53072
6283,2019,58228
6285,2019,417006
6286,2019,394236
6287,2019,126907
6288,2019,122185
6289,2019,130370
6290,2019,1468562
6291,2019,334833
6292,2019,777718
6293,2019,519944
6294,2019,190777
6295,2019,332840
6296,2019,167435
6297,2019,5268996
6298,2019,793020
6299,2019,161607
6300,2019,7319651
6404,2019,4288924
6407,2019,6289831
6408,2019,4096924
6412,2019,4093329
6413,2019,1177096
6416,2019,12218128
6417,2019,12396888
6421,2019,20574721
6422,2019,146452
6423,2019,500864
6431,2019,1890430
6432,2019,418431
6433,2019,436640
6434,2019,198449
6435,2019,230144
6436,2019,4457842
6437,2019,514066
6451,2019,804395
6452,2019,988397
6453,2019,229370
6454,2019,2821922
6455,2019,17550202
6456,2019,637212
6458,2019,29798821
6459,2019,5614776
6461,2019,4110795
6485,2019,189698
6487,2019,12335652
6504,2019,123090
6511,2019,353551
6512,2019,4767588
6601,2019,2452648
6602,2019,27284701
6603,2019,1901284
6604,2019,3683323
6605,2019,4700933
6606,2019,6717077
6607,2019,18192826
6608,2019,29985112
6609,2019,2677743
6610,2019,4812882
6611,2019,1620132
6612,2019,58410760
6613,2019,10336417
6614,2019,5924662
6615,2019,3573818
6616,2019,50977683
6617,2019,100333084
6618,2019,11099925
6619,2019,11272978
6620,2019,1893238
6621,2019,321126196
6622,2019,20715468
6623,2019,14108314
6624,2019,1987614
6625,2019,4358241
6626,2019,6245834
6627,2019,2494842
6628,2019,31002264
6629,2019,5005106
6630,2019,14788332
6631,2019,17508371
6632,2019,4087291
6633,2019,19741408
6634,2019,17105511
6635,2019,2932468
6636,2019,4116131
6637,2019,3764614
6638,2019,5955565
6639,2019,2446697
6640,2019,23962210
6641,2019,10715340
6642,2019,24446632
6643,2019,19400062
6644,2019,20635850
6645,2019,43196630
6702,2019,538058
6703,2019,121938
6704,2019,284590
6706,2019,175822
6708,2019,1661751
6709,2019,2534665
6710,2019,1703129
6711,2019,8128968
6712,2019,841127
6713,2019,23155
6715,2019,169044
6716,2019,34694
6718,2019,151714
6719,2019,104394
6721,2019,556814
6722,2019,86817
6724,2019,229760
6729,2019,2944983
6730,2019,1509622
6741,2019,263934
6742,2019,1474863
6743,2019,726783
6744,2019,35509
6745,2019,53934
6748,2019,342443
6750,2019,283675
6751,2019,269644
6753,2019,526930
6754,2019,1451402
6757,2019,1180586
6758,2019,73654
6759,2019,31390
6771,2019,937049
6773,2019,53773
6774,2019,959164
6775,2019,237866
6778,2019,369727
6781,2019,282900
6782,2019,448184
6783,2019,1167743
6784,2019,1212353
6785,2019,513319
6787,2019,73802
6789,2019,107737
6790,2019,932439
6792,2019,156784
6793,2019,68268
6800,2019,5878680
6806,2019,269804
6807,2019,447467
6808,2019,414778
6809,2019,430202
6810,2019,450748