geo,year,population_per_km2
che,2019,215
1,2019,250
2,2019,1162
3,2019,750
4,2019,276
5,2019,579
6,2019,154
7,2019,368
8,2019,138
9,2019,399
10,2019,759
11,2019,516
12,2019,173
13,2019,312
14,2019,1390
21,2019,106
22,2019,149
23,2019,82
24,2019,96
25,2019,710
26,2019,118
27,2019,1457
28,2019,140
29,2019,613
30,2019,333
31,2019,737
32,2019,132
33,2019,202
34,2019,280
35,2019,136
37,2019,127
38,2019,147
39,2019,146
40,2019,111
41,2019,105
43,2019,119
51,2019,970
52,2019,1309
53,2019,1328
54,2019,1846
55,2019,589
56,2019,742
57,2019,284
58,2019,424
59,2019,321
60,2019,600
61,2019,215
62,2019,1045
63,2019,467
64,2019,558
65,2019,109
66,2019,3759
67,2019,436
68,2019,650
69,2019,2623
70,2019,142
71,2019,165
72,2019,559
81,2019,65
82,2019,362
83,2019,1124
84,2019,926
85,2019,648
86,2019,1016
87,2019,599
88,2019,526
89,2019,1387
90,2019,827
91,2019,449
92,2019,876
93,2019,362
94,2019,417
95,2019,198
96,2019,1268
97,2019,663
98,2019,133
99,2019,343
100,2019,178
101,2019,384
102,2019,199
111,2019,228
112,2019,633
113,2019,744
114,2019,83
115,2019,563
116,2019,415
117,2019,506
118,2019,1221
119,2019,379
120,2019,400
121,2019,1487
131,2019,2438
135,2019,3459
136,2019,891
137,2019,1793
138,2019,1810
139,2019,2079
141,2019,3298
151,2019,1935
152,2019,719
153,2019,720
154,2019,1178
155,2019,2381
156,2019,1201
157,2019,792
158,2019,1713
159,2019,1792
160,2019,1001
161,2019,1665
172,2019,685
173,2019,283
176,2019,467
177,2019,623
178,2019,309
180,2019,263
181,2019,215
182,2019,93
191,2019,2151
192,2019,605
193,2019,1362
194,2019,2372
195,2019,709
196,2019,514
197,2019,1973
198,2019,1229
199,2019,1328
200,2019,1006
211,2019,91
213,2019,313
214,2019,130
215,2019,269
216,2019,238
218,2019,179
219,2019,452
220,2019,133
221,2019,537
223,2019,379
224,2019,782
225,2019,457
226,2019,88
227,2019,984
228,2019,194
230,2019,1663
231,2019,486
241,2019,319
242,2019,589
243,2019,2971
244,2019,2556
245,2019,3134
246,2019,908
247,2019,2851
248,2019,1066
249,2019,1178
250,2019,1317
251,2019,895
261,2019,4779
292,2019,116
293,2019,691
294,2019,203
295,2019,746
296,2019,527
297,2019,165
298,2019,344
301,2019,584
302,2019,130
303,2019,201
304,2019,123
305,2019,129
306,2019,1047
307,2019,242
309,2019,87
310,2019,113
311,2019,190
312,2019,148
321,2019,467
322,2019,95
323,2019,138
324,2019,125
325,2019,63
326,2019,77
329,2019,760
331,2019,423
332,2019,141
333,2019,145
335,2019,56
336,2019,87
337,2019,517
338,2019,364
339,2019,61
340,2019,142
341,2019,139
342,2019,355
344,2019,96
345,2019,327
351,2019,2607
352,2019,379
353,2019,2299
354,2019,269
355,2019,824
356,2019,1707
357,2019,69
358,2019,896
359,2019,215
360,2019,255
361,2019,1943
362,2019,2692
363,2019,2982
371,2019,2624
372,2019,717
381,2019,255
382,2019,241
383,2019,284
385,2019,157
386,2019,349
387,2019,713
388,2019,125
389,2019,77
390,2019,296
391,2019,134
392,2019,557
393,2019,132
394,2019,86
401,2019,537
402,2019,88
403,2019,383
404,2019,1066
405,2019,132
406,2019,152
407,2019,70
408,2019,143
409,2019,269
410,2019,102
411,2019,168
412,2019,654
413,2019,300
414,2019,124
415,2019,238
418,2019,210
420,2019,889
421,2019,32
422,2019,129
423,2019,94
424,2019,74
431,2019,98
432,2019,36
433,2019,47
434,2019,66
435,2019,37
437,2019,23
438,2019,55
441,2019,73
442,2019,29
443,2019,246
444,2019,130
445,2019,52
446,2019,184
448,2019,57
449,2019,61
450,2019,79
491,2019,89
492,2019,398
493,2019,163
494,2019,106
495,2019,90
496,2019,149
497,2019,102
498,2019,309
499,2019,109
500,2019,87
501,2019,143
502,2019,192
533,2019,319
535,2019,42
536,2019,71
538,2019,162
540,2019,427
541,2019,83
543,2019,152
544,2019,647
546,2019,1175
551,2019,879
552,2019,258
553,2019,72
554,2019,258
556,2019,167
557,2019,164
561,2019,38
562,2019,72
563,2019,96
564,2019,26
565,2019,10
566,2019,189
567,2019,29
571,2019,41
572,2019,167
573,2019,65
574,2019,27
575,2019,61
576,2019,22
577,2019,57
578,2019,21
579,2019,13
580,2019,60
581,2019,1319
582,2019,20
584,2019,14
585,2019,111
586,2019,18
587,2019,696
588,2019,85
589,2019,22
590,2019,295
591,2019,5
592,2019,89
593,2019,418
594,2019,202
602,2019,89
603,2019,506
605,2019,93
606,2019,225
607,2019,153
608,2019,599
609,2019,83
610,2019,217
611,2019,216
612,2019,419
613,2019,59
614,2019,98
615,2019,268
616,2019,820
617,2019,121
619,2019,215
620,2019,69
622,2019,189
623,2019,416
626,2019,103
627,2019,545
628,2019,292
629,2019,52
630,2019,155
632,2019,375
661,2019,48
662,2019,135
663,2019,132
665,2019,142
666,2019,93
667,2019,767
668,2019,115
669,2019,217
670,2019,257
671,2019,90
681,2019,76
683,2019,23
687,2019,30
690,2019,57
691,2019,53
692,2019,56
694,2019,48
696,2019,73
700,2019,377
701,2019,54
703,2019,284
704,2019,22
706,2019,47
707,2019,36
708,2019,6
709,2019,7
711,2019,42
713,2019,242
715,2019,12
716,2019,17
717,2019,215
723,2019,554
724,2019,29
726,2019,79
731,2019,1009
732,2019,444
733,2019,874
734,2019,160
735,2019,97
736,2019,224
737,2019,92
738,2019,142
739,2019,2088
740,2019,306
741,2019,170
742,2019,396
743,2019,4521
744,2019,724
745,2019,1515
746,2019,344
747,2019,207
748,2019,161
749,2019,1215
750,2019,390
751,2019,661
754,2019,148
755,2019,874
756,2019,94
761,2019,26
762,2019,17
763,2019,47
766,2019,17
767,2019,89
768,2019,771
769,2019,114
770,2019,71
782,2019,1
783,2019,28
784,2019,5
785,2019,114
786,2019,17
791,2019,16
792,2019,19
793,2019,22
794,2019,42
841,2019,16
842,2019,14
843,2019,57
852,2019,28
853,2019,29
855,2019,151
861,2019,498
863,2019,148
866,2019,158
867,2019,190
868,2019,227
869,2019,540
870,2019,975
872,2019,125
877,2019,69
879,2019,87
880,2019,49
883,2019,556
884,2019,518
885,2019,559
886,2019,208
888,2019,88
889,2019,332
901,2019,41
902,2019,193
903,2019,126
904,2019,32
905,2019,139
906,2019,25
907,2019,119
908,2019,21
909,2019,93
921,2019,169
922,2019,80
923,2019,99
924,2019,23
925,2019,123
927,2019,127
928,2019,1273
929,2019,1444
931,2019,77
932,2019,11
934,2019,895
935,2019,51
936,2019,25
938,2019,87
939,2019,1076
940,2019,37
941,2019,328
942,2019,2023
943,2019,155
944,2019,575
945,2019,148
946,2019,66
947,2019,134
948,2019,173
951,2019,96
952,2019,74
953,2019,121
954,2019,290
955,2019,156
956,2019,214
957,2019,85
958,2019,60
959,2019,69
960,2019,95
971,2019,198
972,2019,29
973,2019,163
975,2019,58
976,2019,108
977,2019,195
979,2019,739
980,2019,180
981,2019,253
982,2019,603
983,2019,207
985,2019,47
987,2019,94
988,2019,91
989,2019,255
990,2019,148
991,2019,197
992,2019,445
993,2019,139
995,2019,317
1001,2019,114
1002,2019,58
1004,2019,18
1005,2019,43
1007,2019,18
1008,2019,110
1009,2019,138
1010,2019,41
1021,2019,273
1023,2019,309
1024,2019,1524
1025,2019,174
1026,2019,275
1030,2019,212
1031,2019,1025
1032,2019,103
1033,2019,256
1037,2019,301
1039,2019,108
1040,2019,496
1041,2019,83
1051,2019,781
1052,2019,1325
1053,2019,534
1054,2019,1431
1055,2019,1307
1056,2019,351
1057,2019,321
1058,2019,1108
1059,2019,1020
1061,2019,2827
1062,2019,260
1063,2019,1023
1064,2019,213
1065,2019,593
1066,2019,44
1067,2019,369
1068,2019,157
1069,2019,366
1081,2019,157
1082,2019,477
1083,2019,199
1084,2019,274
1085,2019,444
1086,2019,165
1088,2019,333
1089,2019,234
1091,2019,202
1093,2019,281
1094,2019,384
1095,2019,527
1097,2019,287
1098,2019,156
1099,2019,449
1100,2019,128
1102,2019,472
1103,2019,1749
1104,2019,210
1107,2019,301
1121,2019,186
1122,2019,150
1123,2019,137
1125,2019,235
1127,2019,362
1128,2019,217
1129,2019,87
1131,2019,84
1132,2019,61
1135,2019,33
1136,2019,95
1137,2019,723
1139,2019,151
1140,2019,266
1142,2019,112
1143,2019,297
1145,2019,73
1146,2019,764
1147,2019,184
1150,2019,151
1151,2019,190
1201,2019,934
1202,2019,23
1203,2019,37
1205,2019,75
1206,2019,65
1207,2019,158
1208,2019,4
1209,2019,6
1210,2019,5
1211,2019,8
1212,2019,2
1213,2019,331
1214,2019,106
1215,2019,51
1216,2019,14
1217,2019,23
1218,2019,13
1219,2019,9
1220,2019,4
1301,2019,163
1311,2019,162
1321,2019,306
1322,2019,1196
1323,2019,1159
1331,2019,453
1341,2019,346
1342,2019,394
1343,2019,4
1344,2019,3656
1345,2019,331
1346,2019,317
1347,2019,244
1348,2019,35
1349,2019,609
1361,2019,27
1362,2019,289
1363,2019,73
1364,2019,668
1365,2019,121
1366,2019,55
1367,2019,20
1368,2019,26
1369,2019,8
1370,2019,108
1371,2019,111
1372,2019,287
1373,2019,304
1374,2019,136
1375,2019,52
1401,2019,113
1402,2019,56
1403,2019,43
1404,2019,68
1405,2019,45
1406,2019,96
1407,2019,143
1501,2019,152
1502,2019,531
1503,2019,118
1504,2019,58
1505,2019,513
1506,2019,156
1507,2019,404
1508,2019,192
1509,2019,745
1510,2019,510
1511,2019,23
1630,2019,127
1631,2019,22
1632,2019,121
1701,2019,991
1702,2019,953
1703,2019,477
1704,2019,165
1705,2019,282
1706,2019,208
1707,2019,740
1708,2019,2010
1709,2019,346
1710,2019,274
1711,2019,1416
2008,2019,372
2011,2019,179
2016,2019,260
2022,2019,425
2025,2019,214
2027,2019,100
2029,2019,153
2035,2019,112
2038,2019,40
2041,2019,233
2043,2019,122
2044,2019,75
2045,2019,130
2050,2019,148
2051,2019,170
2053,2019,216
2054,2019,243
2055,2019,238
2061,2019,146
2063,2019,161
2066,2019,150
2067,2019,49
2068,2019,132
2072,2019,69
2079,2019,67
2086,2019,124
2087,2019,117
2089,2019,179
2096,2019,493
2097,2019,136
2099,2019,112
2102,2019,219
2113,2019,97
2114,2019,97
2115,2019,96
2117,2019,149
2121,2019,26
2122,2019,189
2123,2019,144
2124,2019,262
2125,2019,1000
2128,2019,145
2129,2019,94
2130,2019,222
2131,2019,178
2134,2019,35
2135,2019,78
2137,2019,65
2138,2019,12
2140,2019,250
2143,2019,243
2145,2019,298
2147,2019,136
2148,2019,360
2149,2019,72
2152,2019,77
2153,2019,128
2155,2019,106
2160,2019,233
2162,2019,46
2163,2019,23
2173,2019,128
2174,2019,330
2175,2019,369
2177,2019,214
2183,2019,376
2186,2019,303
2194,2019,261
2196,2019,4116
2197,2019,918
2198,2019,946
2200,2019,369
2206,2019,1054
2208,2019,530
2211,2019,482
2216,2019,32
2217,2019,127
2220,2019,169
2226,2019,130
2228,2019,2231
2230,2019,52
2233,2019,211
2234,2019,199
2235,2019,169
2236,2019,211
2237,2019,140
2238,2019,185
2250,2019,422
2254,2019,250
2257,2019,241
2258,2019,146
2259,2019,80
2260,2019,187
2261,2019,180
2262,2019,254
2265,2019,410
2266,2019,232
2271,2019,1685
2272,2019,186
2274,2019,867
2275,2019,334
2276,2019,154
2278,2019,158
2284,2019,229
2292,2019,201
2293,2019,266
2294,2019,314
2295,2019,238
2296,2019,154
2299,2019,54
2300,2019,56
2301,2019,152
2303,2019,138
2304,2019,86
2305,2019,299
2306,2019,185
2307,2019,371
2308,2019,148
2309,2019,420
2321,2019,366
2323,2019,367
2325,2019,151
2328,2019,194
2333,2019,195
2335,2019,105
2336,2019,49
2337,2019,125
2338,2019,93
2401,2019,546
2402,2019,297
2403,2019,213
2404,2019,315
2405,2019,227
2406,2019,243
2407,2019,518
2408,2019,335
2421,2019,45
2422,2019,397
2424,2019,35
2425,2019,89
2426,2019,117
2427,2019,119
2428,2019,68
2430,2019,47
2445,2019,79
2455,2019,187
2456,2019,105
2457,2019,124
2461,2019,159
2463,2019,138
2464,2019,139
2465,2019,113
2471,2019,698
2472,2019,170
2473,2019,1183
2474,2019,150
2475,2019,154
2476,2019,427
2477,2019,109
2478,2019,235
2479,2019,250
2480,2019,61
2481,2019,544
2491,2019,58
2492,2019,59
2493,2019,298
2495,2019,887
2497,2019,626
2499,2019,143
2500,2019,868
2501,2019,483
2502,2019,90
2503,2019,401
2511,2019,229
2513,2019,716
2514,2019,281
2516,2019,292
2517,2019,1160
2518,2019,272
2519,2019,2884
2520,2019,452
2523,2019,314
2524,2019,150
2525,2019,1144
2526,2019,635
2527,2019,772
2528,2019,811
2529,2019,365
2530,2019,600
2532,2019,506
2534,2019,1953
2535,2019,162
2541,2019,38
2542,2019,999
2543,2019,408
2544,2019,395
2545,2019,323
2546,2019,671
2547,2019,224
2548,2019,546
2549,2019,34
2550,2019,1952
2551,2019,267
2553,2019,147
2554,2019,325
2555,2019,167
2556,2019,176
2571,2019,279
2572,2019,537
2573,2019,841
2574,2019,181
2575,2019,398
2576,2019,477
2578,2019,421
2579,2019,369
2580,2019,640
2581,2019,1601
2582,2019,376
2583,2019,1339
2584,2019,924
2585,2019,162
2586,2019,738
2601,2019,2696
2611,2019,72
2612,2019,12
2613,2019,576
2614,2019,304
2615,2019,126
2616,2019,411
2617,2019,169
2618,2019,157
2619,2019,76
2620,2019,116
2621,2019,184
2622,2019,177
2701,2019,7263
2702,2019,522
2703,2019,1973
2761,2019,1399
2762,2019,2372
2763,2019,1322
2764,2019,844
2765,2019,3541
2766,2019,4140
2767,2019,2269
2768,2019,847
2769,2019,1683
2770,2019,1075
2771,2019,1422
2772,2019,484
2773,2019,2752
2774,2019,1044
2775,2019,1295
2781,2019,98
2782,2019,176
2783,2019,97
2784,2019,105
2785,2019,264
2786,2019,569
2787,2019,495
2788,2019,88
2789,2019,124
2790,2019,42
2791,2019,188
2792,2019,271
2793,2019,532
2821,2019,165
2822,2019,632
2823,2019,408
2824,2019,1406
2825,2019,993
2826,2019,784
2827,2019,199
2828,2019,955
2829,2019,792
2830,2019,466
2831,2019,1556
2832,2019,315
2833,2019,362
2834,2019,200
2841,2019,140
2842,2019,362
2843,2019,345
2844,2019,121
2845,2019,540
2846,2019,641
2847,2019,61
2848,2019,75
2849,2019,690
2850,2019,360
2851,2019,101
2852,2019,158
2853,2019,183
2854,2019,152
2855,2019,69
2856,2019,326
2857,2019,202
2858,2019,70
2859,2019,189
2860,2019,150
2861,2019,751
2862,2019,359
2863,2019,196
2864,2019,601
2865,2019,119
2866,2019,87
2867,2019,137
2868,2019,62
2869,2019,381
2881,2019,167
2882,2019,102
2883,2019,103
2884,2019,168
2885,2019,48
2886,2019,424
2887,2019,127
2888,2019,61
2889,2019,43
2890,2019,86
2891,2019,420
2892,2019,387
2893,2019,172
2894,2019,113
2895,2019,133
2901,2019,123
2903,2019,216
2904,2019,130
2914,2019,106
2915,2019,177
2917,2019,153
2919,2019,291
2920,2019,278
2931,2019,38
2932,2019,264
2933,2019,146
2936,2019,49
2937,2019,1308
2938,2019,141
2939,2019,875
2951,2019,37
2952,2019,76
2953,2019,93
2961,2019,87
2962,2019,60
2963,2019,109
2964,2019,606
2971,2019,144
2972,2019,72
2973,2019,144
2974,2019,82
3001,2019,626
3002,2019,40
3003,2019,102
3004,2019,88
3005,2019,148
3006,2019,47
3007,2019,269
3021,2019,331
3022,2019,145
3023,2019,539
3024,2019,417
3025,2019,175
3031,2019,241
3032,2019,562
3033,2019,577
3034,2019,261
3035,2019,141
3036,2019,128
3037,2019,287
3038,2019,270
3101,2019,342
3102,2019,58
3103,2019,90
3104,2019,64
3105,2019,38
3111,2019,129
3201,2019,153
3202,2019,118
3203,2019,1932
3204,2019,796
3211,2019,226
3212,2019,263
3213,2019,2018
3214,2019,372
3215,2019,5302
3216,2019,1041
3217,2019,804
3218,2019,723
3219,2019,146
3231,2019,1679
3232,2019,750
3233,2019,700
3234,2019,575
3235,2019,1545
3236,2019,868
3237,2019,680
3238,2019,2312
3251,2019,301
3252,2019,279
3253,2019,482
3254,2019,260
3255,2019,1033
3256,2019,259
3271,2019,806
3272,2019,159
3273,2019,131
3274,2019,136
3275,2019,169
3276,2019,127
3291,2019,247
3292,2019,65
3293,2019,62
3294,2019,12
3295,2019,48
3296,2019,655
3297,2019,149
3298,2019,125
3311,2019,42
3312,2019,181
3313,2019,264
3315,2019,97
3316,2019,318
3338,2019,907
3339,2019,861
3340,2019,1225
3341,2019,155
3342,2019,175
3352,2019,115
3359,2019,30
3360,2019,38
3372,2019,45
3374,2019,672
3375,2019,99
3378,2019,83
3379,2019,171
3392,2019,214
3393,2019,114
3394,2019,56
3395,2019,228
3401,2019,285
3402,2019,909
3405,2019,349
3407,2019,455
3408,2019,906
3422,2019,95
3423,2019,192
3424,2019,256
3426,2019,534
3427,2019,1160
3441,2019,317
3442,2019,659
3443,2019,658
3444,2019,113
3506,2019,66
3513,2019,25
3514,2019,19
3542,2019,14
3543,2019,7
3544,2019,5
3551,2019,24
3561,2019,18
3572,2019,28
3575,2019,59
3581,2019,105
3582,2019,128
3603,2019,6
3618,2019,12
3619,2019,36
3633,2019,270
3637,2019,98
3638,2019,55
3640,2019,103
3661,2019,73
3662,2019,41
3663,2019,119
3668,2019,195
3669,2019,5
3670,2019,34
3672,2019,6
3673,2019,46
3681,2019,2
3695,2019,4
3701,2019,20
3711,2019,26
3712,2019,16
3713,2019,1
3714,2019,4
3715,2019,7
3721,2019,241
3722,2019,336
3723,2019,116
3731,2019,193
3732,2019,58
3733,2019,30
3734,2019,30
3746,2019,4
3752,2019,14
3762,2019,11
3764,2019,5
3781,2019,13
3782,2019,63
3783,2019,13
3784,2019,18
3785,2019,11
3786,2019,26
3787,2019,170
3788,2019,5
3789,2019,11
3790,2019,25
3791,2019,18
3792,2019,6
3804,2019,8
3805,2019,69
3808,2019,3
3810,2019,12
3821,2019,16
3822,2019,8
3823,2019,7
3831,2019,37
3832,2019,38
3834,2019,67
3835,2019,38
3837,2019,5
3847,2019,7
3851,2019,38
3861,2019,23
3862,2019,6
3863,2019,44
3871,2019,20
3881,2019,12
3882,2019,104
3891,2019,19
3901,2019,684
3911,2019,39
3921,2019,20
3932,2019,11
3945,2019,77
3946,2019,91
3947,2019,317
3951,2019,42
3952,2019,85
3953,2019,93
3954,2019,212
3955,2019,473
3961,2019,49
3962,2019,44
3972,2019,28
3981,2019,18
3982,2019,22
3983,2019,3
3985,2019,11
3986,2019,9
3987,2019,22
3988,2019,17
4001,2019,1764
4002,2019,390
4003,2019,1498
4004,2019,58
4005,2019,431
4006,2019,464
4007,2019,456
4008,2019,527
4009,2019,556
4010,2019,1189
4012,2019,986
4013,2019,1475
4021,2019,1484
4022,2019,314
4023,2019,477
4024,2019,383
4026,2019,1659
4027,2019,1099
4028,2019,260
4029,2019,967
4030,2019,847
4031,2019,367
4032,2019,610
4033,2019,1185
4034,2019,1664
4035,2019,1241
4037,2019,949
4038,2019,1032
4039,2019,520
4040,2019,1403
4041,2019,499
4042,2019,1938
4044,2019,871
4045,2019,1975
4046,2019,365
4047,2019,509
4048,2019,720
4049,2019,664
4061,2019,554
4062,2019,884
4063,2019,723
4064,2019,346
4065,2019,1003
4066,2019,420
4067,2019,523
4068,2019,315
4071,2019,383
4072,2019,458
4073,2019,626
4074,2019,459
4075,2019,920
4076,2019,353
4077,2019,453
4078,2019,200
4079,2019,327
4080,2019,626
4081,2019,1442
4082,2019,1331
4083,2019,936
4084,2019,380
4091,2019,283
4092,2019,907
4093,2019,252
4094,2019,203
4095,2019,1522
4096,2019,91
4097,2019,70
4099,2019,189
4100,2019,1139
4104,2019,372
4105,2019,60
4106,2019,100
4107,2019,344
4110,2019,156
4111,2019,307
4112,2019,202
4117,2019,82
4120,2019,290
4121,2019,192
4122,2019,287
4123,2019,1551
4124,2019,106
4125,2019,185
4131,2019,878
4132,2019,337
4133,2019,1064
4134,2019,213
4135,2019,223
4136,2019,515
4137,2019,411
4138,2019,202
4139,2019,1022
4140,2019,290
4141,2019,927
4142,2019,115
4143,2019,133
4144,2019,705
4145,2019,460
4146,2019,353
4147,2019,232
4161,2019,325
4163,2019,568
4164,2019,120
4165,2019,359
4166,2019,252
4167,2019,134
4169,2019,148
4170,2019,254
4172,2019,386
4173,2019,72
4175,2019,238
4176,2019,246
4177,2019,635
4179,2019,173
4181,2019,118
4182,2019,110
4183,2019,171
4184,2019,94
4191,2019,226
4192,2019,614
4193,2019,564
4194,2019,606
4195,2019,235
4196,2019,569
4197,2019,403
4198,2019,376
4199,2019,591
4200,2019,1239
4201,2019,957
4202,2019,695
4203,2019,680
4204,2019,1440
4205,2019,621
4206,2019,882
4207,2019,479
4208,2019,421
4209,2019,543
4210,2019,1083
4221,2019,232
4222,2019,172
4223,2019,250
4224,2019,104
4226,2019,265
4227,2019,150
4228,2019,244
4229,2019,193
4230,2019,271
4231,2019,243
4232,2019,67
4233,2019,144
4234,2019,271
4235,2019,219
4236,2019,659
4237,2019,287
4238,2019,203
4239,2019,211
4240,2019,653
4251,2019,112
4252,2019,1129
4253,2019,353
4254,2019,588
4255,2019,499
4256,2019,209
4257,2019,78
4258,2019,842
4259,2019,114
4260,2019,1133
4261,2019,440
4262,2019,146
4263,2019,209
4264,2019,103
4271,2019,1899
4273,2019,158
4274,2019,289
4275,2019,200
4276,2019,515
4277,2019,236
4279,2019,162
4280,2019,1097
4281,2019,194
4282,2019,772
4283,2019,655
4284,2019,146
4285,2019,808
4286,2019,190
4287,2019,195
4288,2019,139
4289,2019,1070
4301,2019,94
4302,2019,66
4303,2019,527
4304,2019,597
4305,2019,215
4306,2019,88
4307,2019,183
4308,2019,1297
4309,2019,527
4310,2019,414
4311,2019,217
4312,2019,219
4313,2019,156
4314,2019,85
4315,2019,314
4316,2019,183
4317,2019,115
4318,2019,180
4319,2019,115
4320,2019,168
4322,2019,94
4323,2019,669
4401,2019,2466
4406,2019,525
4411,2019,255
4416,2019,199
4421,2019,1677
4426,2019,223
4431,2019,257
4436,2019,1291
4441,2019,545
4446,2019,145
4451,2019,435
4461,2019,726
4471,2019,517
4476,2019,310
4486,2019,160
4495,2019,73
4501,2019,330
4506,2019,430
4511,2019,200
4536,2019,117
4545,2019,401
4546,2019,114
4551,2019,454
4561,2019,389
4566,2019,942
4571,2019,457
4590,2019,73
4591,2019,386
4601,2019,92
4606,2019,192
4611,2019,95
4616,2019,77
4621,2019,162
4641,2019,340
4643,2019,955
4646,2019,337
4651,2019,1041
4656,2019,174
4666,2019,104
4671,2019,1929
4681,2019,118
4683,2019,196
4691,2019,640
4696,2019,412
4701,2019,86
4711,2019,181
4716,2019,318
4721,2019,235
4723,2019,89
4724,2019,720
4726,2019,92
4741,2019,141
4746,2019,727
4751,2019,1774
4756,2019,77
4761,2019,630
4776,2019,226
4781,2019,290
4786,2019,1120
4791,2019,92
4801,2019,249
4806,2019,153
4811,2019,81
4816,2019,64
4821,2019,100
4826,2019,121
4831,2019,344
4841,2019,158
4846,2019,54
4851,2019,209
4864,2019,427
4871,2019,145
4881,2019,93
4891,2019,262
4901,2019,109
4911,2019,338
4921,2019,130
4941,2019,290
4946,2019,749
4951,2019,144
5001,2019,236
5002,2019,264
5003,2019,351
5009,2019,31
5010,2019,156
5017,2019,383
5048,2019,29
5049,2019,9
5050,2019,21
5061,2019,16
5063,2019,1
5064,2019,149
5071,2019,12
5072,2019,22
5073,2019,43
5076,2019,9
5077,2019,133
5078,2019,24
5079,2019,14
5091,2019,1111
5096,2019,126
5097,2019,95
5108,2019,672
5112,2019,22
5113,2019,844
5115,2019,723
5117,2019,17
5118,2019,1242
5120,2019,4534
5121,2019,370
5125,2019,114
5131,2019,873
5136,2019,6
5138,2019,79
5141,2019,1761
5143,2019,145
5144,2019,117
5146,2019,78
5148,2019,826
5149,2019,238
5151,2019,415
5154,2019,491
5160,2019,111
5161,2019,196
5162,2019,2021
5167,2019,1809
5171,2019,1515
5176,2019,994
5178,2019,195
5180,2019,1342
5181,2019,205
5186,2019,759
5187,2019,1937
5189,2019,928
5192,2019,825
5193,2019,1479
5194,2019,551
5195,2019,700
5196,2019,8315
5197,2019,314
5198,2019,1075
5199,2019,124
5200,2019,62
5202,2019,253
5203,2019,256
5205,2019,519
5206,2019,364
5207,2019,192
5208,2019,713
5210,2019,4835
5212,2019,309
5213,2019,1840
5214,2019,978
5216,2019,443
5219,2019,146
5221,2019,2972
5222,2019,238
5225,2019,2159
5226,2019,185
5227,2019,591
5230,2019,386
5231,2019,1350
5233,2019,219
5236,2019,750
5237,2019,63
5238,2019,125
5242,2019,1292
5249,2019,186
5250,2019,1450
5251,2019,1180
5254,2019,468
5257,2019,1999
5260,2019,449
5263,2019,437
5266,2019,733
5268,2019,2063
5269,2019,76
5281,2019,103
5287,2019,49
5304,2019,2
5307,2019,1
5309,2019,2
5310,2019,8
5315,2019,7
5317,2019,23
5323,2019,3
5324,2019,55
5396,2019,226
5397,2019,21
5398,2019,99
5399,2019,4
5401,2019,621
5402,2019,82
5403,2019,121
5404,2019,20
5405,2019,89
5406,2019,65
5407,2019,204
5408,2019,113
5409,2019,127
5410,2019,18
5411,2019,23
5412,2019,398
5413,2019,283
5414,2019,180
5415,2019,87
5421,2019,113
5422,2019,265
5423,2019,64
5424,2019,31
5425,2019,64
5426,2019,267
5427,2019,319
5428,2019,118
5429,2019,51
5430,2019,39
5431,2019,28
5434,2019,86
5435,2019,85
5436,2019,146
5437,2019,114
5451,2019,221
5456,2019,112
5458,2019,253
5464,2019,157
5471,2019,174
5472,2019,107
5473,2019,314
5474,2019,59
5475,2019,58
5476,2019,81
5477,2019,488
5478,2019,207
5479,2019,68
5480,2019,187
5481,2019,77
5482,2019,210
5483,2019,101
5484,2019,172
5485,2019,70
5486,2019,62
5487,2019,123
5488,2019,114
5489,2019,254
5490,2019,47
5491,2019,24
5492,2019,37
5493,2019,75
5494,2019,99
5495,2019,842
5496,2019,458
5497,2019,191
5498,2019,344
5499,2019,120
5500,2019,95
5501,2019,264
5503,2019,240
5511,2019,201
5512,2019,300
5513,2019,167
5514,2019,189
5515,2019,301
5516,2019,950
5518,2019,860
5520,2019,106
5521,2019,303
5522,2019,102
5523,2019,373
5527,2019,308
5529,2019,105
5530,2019,97
5531,2019,74
5533,2019,165
5534,2019,133
5535,2019,192
5537,2019,173
5539,2019,118
5540,2019,153
5541,2019,107
5551,2019,65
5552,2019,39
5553,2019,270
5554,2019,90
5555,2019,99
5556,2019,65
5557,2019,27
5559,2019,87
5560,2019,64
5561,2019,426
5562,2019,22
5563,2019,47
5564,2019,49
5565,2019,96
5566,2019,12
5568,2019,124
5571,2019,63
5581,2019,1424
5582,2019,947
5583,2019,1448
5584,2019,2117
5585,2019,737
5586,2019,3369
5587,2019,918
5588,2019,3120
5589,2019,5642
5590,2019,3150
5591,2019,7080
5592,2019,1142
5601,2019,1039
5604,2019,112
5606,2019,1223
5607,2019,126
5609,2019,1103
5610,2019,427
5611,2019,209
5613,2019,554
5621,2019,138
5622,2019,198
5623,2019,326
5624,2019,1857
5625,2019,125
5627,2019,4758
5628,2019,429
5629,2019,187
5631,2019,224
5632,2019,969
5633,2019,704
5634,2019,231
5635,2019,2287
5636,2019,596
5637,2019,247
5638,2019,717
5639,2019,399
5640,2019,297
5642,2019,4137
5643,2019,2802
5644,2019,348
5645,2019,263
5646,2019,1041
5648,2019,2529
5649,2019,1200
5650,2019,93
5651,2019,588
5652,2019,198
5653,2019,413
5654,2019,75
5655,2019,155
5661,2019,107
5663,2019,70
5665,2019,41
5669,2019,63
5671,2019,73
5673,2019,77
5674,2019,39
5675,2019,218
5678,2019,388
5680,2019,87
5683,2019,105
5684,2019,78
5688,2019,62
5690,2019,29
5692,2019,176
5693,2019,81
5701,2019,113
5702,2019,54
5703,2019,67
5704,2019,403
5705,2019,344
5706,2019,567
5707,2019,478
5708,2019,456
5709,2019,117
5710,2019,169
5711,2019,449
5712,2019,1732
5713,2019,530
5714,2019,578
5715,2019,265
5716,2019,729
5717,2019,788
5718,2019,411
5719,2019,98
5720,2019,259
5721,2019,1584
5722,2019,150
5723,2019,614
5724,2019,3155
5725,2019,673
5726,2019,69
5727,2019,107
5728,2019,306
5729,2019,881
5730,2019,249
5731,2019,436
5732,2019,699
5741,2019,42
5742,2019,65
5743,2019,83
5744,2019,122
5745,2019,46
5746,2019,102
5747,2019,46
5748,2019,50
5749,2019,266
5750,2019,26
5752,2019,90
5754,2019,35
5755,2019,41
5756,2019,164
5757,2019,582
5758,2019,32
5759,2019,35
5760,2019,51
5761,2019,76
5762,2019,99
5763,2019,98
5764,2019,165
5765,2019,38
5766,2019,114
5785,2019,58
5788,2019,229
5790,2019,123
5792,2019,159
5798,2019,101
5799,2019,316
5803,2019,93
5804,2019,90
5805,2019,230
5806,2019,266
5812,2019,43
5813,2019,145
5816,2019,212
5817,2019,93
5819,2019,143
5821,2019,116
5822,2019,415
5827,2019,75
5828,2019,36
5830,2019,59
5831,2019,98
5841,2019,30
5842,2019,23
5843,2019,18
5851,2019,173
5852,2019,266
5853,2019,232
5854,2019,68
5855,2019,387
5856,2019,104
5857,2019,176
5858,2019,233
5859,2019,696
5860,2019,514
5861,2019,2281
5862,2019,211
5863,2019,323
5871,2019,46
5872,2019,47
5873,2019,28
5881,2019,383
5882,2019,293
5883,2019,2136
5884,2019,499
5885,2019,714
5886,2019,778
5888,2019,346
5889,2019,3645
5890,2019,8260
5891,2019,136
5902,2019,58
5903,2019,53
5904,2019,188
5905,2019,77
5907,2019,78
5908,2019,72
5909,2019,123
5910,2019,60
5911,2019,52
5912,2019,37
5913,2019,91
5914,2019,74
5919,2019,91
5921,2019,44
5922,2019,212
5923,2019,56
5924,2019,83
5925,2019,50
5926,2019,141
5928,2019,58
5929,2019,97
5930,2019,52
5931,2019,236
5932,2019,67
5933,2019,311
5934,2019,79
5935,2019,117
5937,2019,44
5938,2019,2227
5939,2019,256
6002,2019,347
6004,2019,56
6007,2019,69
6008,2019,44
6009,2019,3
6010,2019,52
6011,2019,1
6021,2019,162
6022,2019,121
6023,2019,104
6024,2019,78
6025,2019,613
6032,2019,2
6033,2019,12
6034,2019,19
6035,2019,58
6037,2019,34
6052,2019,27
6054,2019,2
6056,2019,14
6057,2019,81
6058,2019,2
6061,2019,58
6076,2019,4
6077,2019,9
6082,2019,74
6083,2019,8
6084,2019,13
6087,2019,23
6089,2019,138
6090,2019,25
6101,2019,95
6102,2019,15
6104,2019,6
6109,2019,11
6110,2019,71
6111,2019,20
6112,2019,2
6113,2019,136
6116,2019,51
6117,2019,39
6118,2019,85
6119,2019,26
6131,2019,70
6133,2019,231
6134,2019,55
6135,2019,120
6136,2019,620
6137,2019,61
6139,2019,132
6140,2019,196
6141,2019,262
6142,2019,4
6151,2019,34
6152,2019,318
6153,2019,623
6154,2019,293
6155,2019,67
6156,2019,128
6157,2019,52
6158,2019,130
6159,2019,127
6172,2019,6
6173,2019,173
6177,2019,7
6181,2019,23
6191,2019,42
6192,2019,3
6193,2019,55
6194,2019,32
6195,2019,9
6197,2019,27
6198,2019,41
6199,2019,64
6201,2019,20
6202,2019,37
6203,2019,81
6204,2019,114
6205,2019,16
6211,2019,68
6212,2019,80
6213,2019,27
6214,2019,16
6215,2019,274
6217,2019,305
6218,2019,26
6219,2019,335
6220,2019,54
6232,2019,146
6235,2019,806
6238,2019,121
6239,2019,24
6240,2019,302
6246,2019,624
6248,2019,880
6252,2019,11
6253,2019,174
6254,2019,694
6261,2019,68
6263,2019,789
6265,2019,110
6266,2019,995
6267,2019,518
6281,2019,42
6282,2019,5
6283,2019,21
6285,2019,86
6286,2019,491
6287,2019,8
6288,2019,3
6289,2019,11
6290,2019,38
6291,2019,40
6292,2019,25
6293,2019,101
6294,2019,38
6295,2019,22
6296,2019,28
6297,2019,604
6298,2019,26
6299,2019,38
6300,2019,24
6404,2019,372
6408,2019,1290
6413,2019,48
6416,2019,1024
6417,2019,209
6421,2019,673
6422,2019,18
6423,2019,41
6432,2019,15
6433,2019,18
6434,2019,20
6435,2019,29
6436,2019,321
6437,2019,67
6451,2019,329
6452,2019,221
6453,2019,28
6454,2019,1245
6455,2019,448
6456,2019,78
6458,2019,1483
6459,2019,368
6461,2019,961
6487,2019,137
6504,2019,35
6511,2019,22
6512,2019,86
6601,2019,399
6602,2019,617
6603,2019,371
6604,2019,271
6605,2019,455
6606,2019,775
6607,2019,791
6608,2019,8378
6609,2019,225
6610,2019,170
6611,2019,316
6612,2019,3020
6613,2019,6777
6614,2019,304
6615,2019,248
6616,2019,1356
6617,2019,1530
6618,2019,1672
6619,2019,798
6620,2019,217
6621,2019,12811
6622,2019,990
6623,2019,2803
6624,2019,147
6625,2019,727
6626,2019,109
6627,2019,179
6628,2019,6997
6629,2019,304
6630,2019,2590
6631,2019,6758
6632,2019,1220
6633,2019,1815
6634,2019,1165
6635,2019,154
6636,2019,924
6637,2019,110
6638,2019,226
6639,2019,325
6640,2019,3713
6641,2019,735
6642,2019,583
6643,2019,4546
6644,2019,1277
6645,2019,1829
6702,2019,75
6703,2019,19
6704,2019,91
6706,2019,68
6708,2019,165
6709,2019,167
6710,2019,196
6711,2019,572
6712,2019,111
6713,2019,36
6715,2019,54
6716,2019,45
6718,2019,54
6719,2019,20
6721,2019,357
6722,2019,34
6724,2019,57
6729,2019,100
6730,2019,69
6741,2019,28
6742,2019,50
6743,2019,142
6744,2019,24
6745,2019,21
6748,2019,37
6750,2019,54
6751,2019,32
6753,2019,29
6754,2019,92
6757,2019,83
6758,2019,15
6759,2019,9
6771,2019,179
6773,2019,23
6774,2019,135
6775,2019,48
6778,2019,47
6781,2019,62
6782,2019,100
6783,2019,49
6784,2019,129
6785,2019,94
6787,2019,32
6789,2019,45
6790,2019,85
6792,2019,43
6793,2019,36
6800,2019,445
6806,2019,61
6807,2019,54
6808,2019,20
6809,2019,27
6810,2019,37