geo,year,foreign_nationals_pct
che,2019,25.3
1,2019,14.2
2,2019,28.7
3,2019,16.6
4,2019,16.0
5,2019,16.4
6,2019,17.5
7,2019,18.3
8,2019,12.9
9,2019,14.8
10,2019,21.5
11,2019,13.1
12,2019,10.7
13,2019,22.3
14,2019,17.1
21,2019,10.6
22,2019,12.8
23,2019,8.8
24,2019,7.3
25,2019,13.3
26,2019,9.9
27,2019,22.5
28,2019,15.4
29,2019,14.2
30,2019,13.4
31,2019,9.0
32,2019,8.2
33,2019,12.2
34,2019,13.8
35,2019,11.4
37,2019,11.8
38,2019,19.7
39,2019,9.6
40,2019,8.2
41,2019,5.0
43,2019,9.5
51,2019,24.8
52,2019,24.9
53,2019,28.0
54,2019,25.8
55,2019,24.1
56,2019,28.0
57,2019,14.8
58,2019,24.5
59,2019,13.8
60,2019,33.9
61,2019,11.6
62,2019,33.4
63,2019,19.1
64,2019,16.8
65,2019,14.2
66,2019,44.9
67,2019,22.2
68,2019,28.1
69,2019,31.0
70,2019,9.6
71,2019,12.4
72,2019,15.0
81,2019,13.3
82,2019,11.6
83,2019,26.0
84,2019,29.4
85,2019,26.8
86,2019,31.8
87,2019,15.9
88,2019,13.3
89,2019,26.1
90,2019,25.8
91,2019,17.1
92,2019,37.2
93,2019,20.3
94,2019,23.1
95,2019,16.2
96,2019,35.6
97,2019,29.8
98,2019,9.9
99,2019,15.4
100,2019,14.1
101,2019,27.1
102,2019,26.1
111,2019,10.2
112,2019,11.4
113,2019,18.4
114,2019,14.6
115,2019,14.6
116,2019,13.9
117,2019,17.1
118,2019,24.8
119,2019,14.6
120,2019,26.6
121,2019,26.0
131,2019,37.8
135,2019,32.9
136,2019,27.8
137,2019,21.3
138,2019,19.5
139,2019,33.7
141,2019,29.0
151,2019,23.0
152,2019,22.4
153,2019,20.7
154,2019,26.5
155,2019,20.4
156,2019,23.2
157,2019,29.3
158,2019,19.3
159,2019,21.3
160,2019,24.8
161,2019,26.1
172,2019,18.2
173,2019,7.7
176,2019,20.8
177,2019,19.1
178,2019,13.3
180,2019,10.4
181,2019,14.5
182,2019,7.5
191,2019,35.9
192,2019,19.9
193,2019,24.2
194,2019,20.2
195,2019,21.5
196,2019,17.2
197,2019,27.1
198,2019,23.0
199,2019,24.6
200,2019,27.3
211,2019,8.6
213,2019,7.5
214,2019,7.8
215,2019,8.2
216,2019,8.0
218,2019,10.4
219,2019,17.3
220,2019,11.9
221,2019,9.1
223,2019,11.8
224,2019,24.8
225,2019,11.8
226,2019,8.0
227,2019,13.3
228,2019,20.5
230,2019,24.5
231,2019,22.4
241,2019,20.0
242,2019,24.9
243,2019,46.2
244,2019,26.8
245,2019,34.0
246,2019,18.1
247,2019,46.1
248,2019,18.9
249,2019,25.8
250,2019,24.9
251,2019,29.1
261,2019,32.5
292,2019,9.0
293,2019,22.2
294,2019,18.0
295,2019,29.5
296,2019,27.4
297,2019,15.5
298,2019,8.9
301,2019,12.9
302,2019,9.3
303,2019,6.0
304,2019,10.1
305,2019,5.7
306,2019,19.0
307,2019,7.1
309,2019,5.7
310,2019,5.6
311,2019,7.6
312,2019,7.3
321,2019,15.9
322,2019,2.3
323,2019,8.5
324,2019,6.6
325,2019,3.3
326,2019,2.9
329,2019,23.5
331,2019,16.8
332,2019,4.9
333,2019,14.2
335,2019,2.3
336,2019,6.3
337,2019,15.9
338,2019,8.0
339,2019,4.6
340,2019,4.1
341,2019,6.1
342,2019,18.4
344,2019,4.2
345,2019,24.8
351,2019,24.9
352,2019,10.8
353,2019,9.9
354,2019,9.3
355,2019,19.5
356,2019,17.4
357,2019,4.1
358,2019,15.2
359,2019,8.7
360,2019,12.1
361,2019,23.5
362,2019,25.8
363,2019,30.7
371,2019,34.0
372,2019,13.9
381,2019,7.4
382,2019,7.9
383,2019,18.3
385,2019,9.6
386,2019,8.9
387,2019,26.6
388,2019,6.5
389,2019,2.0
390,2019,10.7
391,2019,6.0
392,2019,30.1
393,2019,10.6
394,2019,8.2
401,2019,8.4
402,2019,4.7
403,2019,6.8
404,2019,16.7
405,2019,3.7
406,2019,9.2
407,2019,4.2
408,2019,3.3
409,2019,12.9
410,2019,4.1
411,2019,4.3
412,2019,15.6
413,2019,5.6
414,2019,5.7
415,2019,9.4
418,2019,19.2
420,2019,26.3
421,2019,0.0
422,2019,3.0
423,2019,1.0
424,2019,3.5
431,2019,15.3
432,2019,4.3
433,2019,15.0
434,2019,16.3
435,2019,7.0
437,2019,0.9
438,2019,11.8
441,2019,10.7
442,2019,14.7
443,2019,30.2
444,2019,18.2
445,2019,12.9
446,2019,16.8
448,2019,16.1
449,2019,12.8
450,2019,16.3
491,2019,20.2
492,2019,17.0
493,2019,30.1
494,2019,12.0
495,2019,18.9
496,2019,17.9
497,2019,11.6
498,2019,31.5
499,2019,12.6
500,2019,10.0
501,2019,20.1
502,2019,9.6
533,2019,7.2
535,2019,2.2
536,2019,2.0
538,2019,7.7
540,2019,9.8
541,2019,7.4
543,2019,3.3
544,2019,20.0
546,2019,19.2
551,2019,19.4
552,2019,9.1
553,2019,7.8
554,2019,9.4
556,2019,7.5
557,2019,2.8
561,2019,7.8
562,2019,5.9
563,2019,7.8
564,2019,6.8
565,2019,22.0
566,2019,8.2
567,2019,5.3
571,2019,17.1
572,2019,9.6
573,2019,12.3
574,2019,10.8
575,2019,14.5
576,2019,23.2
577,2019,10.2
578,2019,25.5
579,2019,7.6
580,2019,6.6
581,2019,31.4
582,2019,10.0
584,2019,27.4
585,2019,11.6
586,2019,11.1
587,2019,20.5
588,2019,14.2
589,2019,10.8
590,2019,11.6
591,2019,4.3
592,2019,7.9
593,2019,18.1
594,2019,15.9
602,2019,2.8
603,2019,7.9
605,2019,2.6
606,2019,1.4
607,2019,7.3
608,2019,8.9
609,2019,1.6
610,2019,4.2
611,2019,6.3
612,2019,10.5
613,2019,1.6
614,2019,4.2
615,2019,3.5
616,2019,11.8
617,2019,1.8
619,2019,9.0
620,2019,2.1
622,2019,4.2
623,2019,7.8
626,2019,6.6
627,2019,16.7
628,2019,6.5
629,2019,2.2
630,2019,7.6
632,2019,6.9
661,2019,2.1
662,2019,8.0
663,2019,12.0
665,2019,13.6
666,2019,6.3
667,2019,15.8
668,2019,10.7
669,2019,14.7
670,2019,15.0
671,2019,10.2
681,2019,4.5
683,2019,3.7
687,2019,5.0
690,2019,11.9
691,2019,9.2
692,2019,15.3
694,2019,12.9
696,2019,7.8
700,2019,27.1
701,2019,13.9
703,2019,20.6
704,2019,12.4
706,2019,3.6
707,2019,1.3
708,2019,5.7
709,2019,11.7
711,2019,10.8
713,2019,25.2
715,2019,2.4
716,2019,7.0
717,2019,20.6
723,2019,17.7
724,2019,6.0
726,2019,8.1
731,2019,17.9
732,2019,8.0
733,2019,24.4
734,2019,5.7
735,2019,5.7
736,2019,4.9
737,2019,5.8
738,2019,4.8
739,2019,12.3
740,2019,6.6
741,2019,3.8
742,2019,5.7
743,2019,26.1
744,2019,21.1
745,2019,13.0
746,2019,8.4
747,2019,4.8
748,2019,10.6
749,2019,23.6
750,2019,8.8
751,2019,8.8
754,2019,9.0
755,2019,10.5
756,2019,13.8
761,2019,4.3
762,2019,4.1
763,2019,5.8
766,2019,2.8
767,2019,7.8
768,2019,11.6
769,2019,9.0
770,2019,4.5
782,2019,9.4
783,2019,13.0
784,2019,9.7
785,2019,17.6
786,2019,12.2
791,2019,4.9
792,2019,12.2
793,2019,8.9
794,2019,13.2
841,2019,17.9
842,2019,12.2
843,2019,28.9
852,2019,3.3
853,2019,3.9
855,2019,6.6
861,2019,14.6
863,2019,4.0
866,2019,5.6
867,2019,2.7
868,2019,2.3
869,2019,9.4
870,2019,26.8
872,2019,6.1
877,2019,7.2
879,2019,6.1
880,2019,4.6
883,2019,8.3
884,2019,10.9
885,2019,6.3
886,2019,3.9
888,2019,6.6
889,2019,6.9
901,2019,1.9
902,2019,8.1
903,2019,4.5
904,2019,3.0
905,2019,3.4
906,2019,3.3
907,2019,4.9
908,2019,2.0
909,2019,7.3
921,2019,3.5
922,2019,3.5
923,2019,3.5
924,2019,1.8
925,2019,3.2
927,2019,9.1
928,2019,12.0
929,2019,8.6
931,2019,3.0
932,2019,0.4
934,2019,11.2
935,2019,1.5
936,2019,6.1
938,2019,10.4
939,2019,10.6
940,2019,1.8
941,2019,4.8
942,2019,13.9
943,2019,2.5
944,2019,7.3
945,2019,1.8
946,2019,4.3
947,2019,4.9
948,2019,2.8
951,2019,4.1
952,2019,3.3
953,2019,4.7
954,2019,13.8
955,2019,6.9
956,2019,4.7
957,2019,6.4
958,2019,3.5
959,2019,2.6
960,2019,4.8
971,2019,10.0
972,2019,2.4
973,2019,4.2
975,2019,4.7
976,2019,7.6
977,2019,8.2
979,2019,18.9
980,2019,4.4
981,2019,24.4
982,2019,9.5
983,2019,14.9
985,2019,3.9
987,2019,3.5
988,2019,4.6
989,2019,8.9
990,2019,8.3
991,2019,4.3
992,2019,15.4
993,2019,4.4
995,2019,17.9
1001,2019,4.7
1002,2019,7.0
1004,2019,17.7
1005,2019,3.5
1007,2019,2.6
1008,2019,6.7
1009,2019,14.2
1010,2019,5.6
1021,2019,12.7
1023,2019,7.4
1024,2019,35.6
1025,2019,11.7
1026,2019,10.9
1030,2019,15.7
1031,2019,21.8
1032,2019,7.8
1033,2019,13.1
1037,2019,6.6
1039,2019,9.4
1040,2019,11.2
1041,2019,6.5
1051,2019,11.0
1052,2019,20.0
1053,2019,17.5
1054,2019,21.8
1055,2019,21.0
1056,2019,19.6
1057,2019,7.2
1058,2019,17.6
1059,2019,19.7
1061,2019,24.4
1062,2019,13.2
1063,2019,16.3
1064,2019,15.8
1065,2019,26.5
1066,2019,7.3
1067,2019,12.2
1068,2019,27.0
1069,2019,22.7
1081,2019,12.3
1082,2019,27.1
1083,2019,12.6
1084,2019,7.1
1085,2019,22.2
1086,2019,11.4
1088,2019,8.5
1089,2019,10.4
1091,2019,9.9
1093,2019,10.8
1094,2019,12.5
1095,2019,11.3
1097,2019,18.6
1098,2019,9.5
1099,2019,7.6
1100,2019,9.1
1102,2019,9.1
1103,2019,16.8
1104,2019,26.0
1107,2019,20.2
1121,2019,12.9
1122,2019,11.0
1123,2019,15.6
1125,2019,16.9
1127,2019,9.8
1128,2019,8.9
1129,2019,8.0
1131,2019,10.3
1132,2019,7.1
1135,2019,4.7
1136,2019,10.7
1137,2019,29.9
1139,2019,14.9
1140,2019,25.2
1142,2019,6.9
1143,2019,19.4
1145,2019,5.6
1146,2019,23.2
1147,2019,18.4
1150,2019,13.3
1151,2019,13.1
1201,2019,16.3
1202,2019,25.0
1203,2019,6.8
1205,2019,5.9
1206,2019,21.1
1207,2019,13.2
1208,2019,19.0
1209,2019,8.7
1210,2019,12.2
1211,2019,1.1
1212,2019,14.7
1213,2019,9.8
1214,2019,7.0
1215,2019,15.9
1216,2019,6.9
1217,2019,24.0
1218,2019,1.3
1219,2019,0.9
1220,2019,20.5
1301,2019,16.6
1311,2019,24.7
1321,2019,25.7
1322,2019,29.2
1323,2019,25.3
1331,2019,23.3
1341,2019,21.4
1342,2019,21.0
1343,2019,3.4
1344,2019,31.3
1345,2019,23.3
1346,2019,29.8
1347,2019,17.2
1348,2019,9.2
1349,2019,15.3
1361,2019,10.3
1362,2019,29.1
1363,2019,3.3
1364,2019,19.7
1365,2019,10.9
1366,2019,23.0
1367,2019,5.8
1368,2019,10.1
1369,2019,3.5
1370,2019,16.3
1371,2019,12.8
1372,2019,19.0
1373,2019,9.1
1374,2019,9.7
1375,2019,10.0
1401,2019,15.3
1402,2019,25.4
1403,2019,11.3
1404,2019,10.3
1405,2019,10.8
1406,2019,13.0
1407,2019,15.4
1501,2019,12.7
1502,2019,14.8
1503,2019,9.1
1504,2019,16.5
1505,2019,16.3
1506,2019,9.9
1507,2019,20.8
1508,2019,7.4
1509,2019,14.5
1510,2019,19.2
1511,2019,9.5
1630,2019,25.4
1631,2019,17.5
1632,2019,27.5
1701,2019,30.3
1702,2019,25.8
1703,2019,17.4
1704,2019,20.0
1705,2019,23.9
1706,2019,27.9
1707,2019,26.7
1708,2019,25.1
1709,2019,25.7
1710,2019,36.3
1711,2019,34.4
2008,2019,5.4
2011,2019,16.4
2016,2019,16.0
2022,2019,13.9
2025,2019,18.9
2027,2019,17.4
2029,2019,14.6
2035,2019,12.3
2038,2019,19.4
2041,2019,20.9
2043,2019,21.7
2044,2019,12.8
2045,2019,18.7
2050,2019,17.8
2051,2019,12.7
2053,2019,24.9
2054,2019,22.9
2055,2019,14.2
2061,2019,8.9
2063,2019,17.3
2066,2019,9.6
2067,2019,6.3
2068,2019,15.2
2072,2019,11.0
2079,2019,14.0
2086,2019,13.5
2087,2019,13.0
2089,2019,14.0
2096,2019,40.6
2097,2019,13.8
2099,2019,15.1
2102,2019,16.6
2113,2019,10.6
2114,2019,9.4
2115,2019,12.8
2117,2019,17.0
2121,2019,17.3
2122,2019,12.9
2123,2019,15.1
2124,2019,30.6
2125,2019,41.0
2128,2019,21.7
2129,2019,14.1
2130,2019,19.6
2131,2019,14.5
2134,2019,12.5
2135,2019,21.4
2137,2019,13.7
2138,2019,4.5
2140,2019,13.6
2143,2019,10.7
2145,2019,16.8
2147,2019,10.3
2148,2019,16.9
2149,2019,15.7
2152,2019,8.8
2153,2019,15.4
2155,2019,15.0
2160,2019,16.7
2162,2019,19.9
2163,2019,17.0
2173,2019,16.1
2174,2019,20.8
2175,2019,29.8
2177,2019,17.1
2183,2019,13.7
2186,2019,17.2
2194,2019,16.9
2196,2019,36.7
2197,2019,36.5
2198,2019,34.9
2200,2019,23.6
2206,2019,28.9
2208,2019,21.5
2211,2019,17.8
2216,2019,13.1
2217,2019,8.5
2220,2019,14.7
2226,2019,12.4
2228,2019,32.5
2230,2019,22.2
2233,2019,14.7
2234,2019,13.1
2235,2019,12.5
2236,2019,15.9
2237,2019,13.1
2238,2019,15.7
2250,2019,29.2
2254,2019,36.1
2257,2019,26.5
2258,2019,8.8
2259,2019,14.7
2260,2019,8.9
2261,2019,8.7
2262,2019,10.6
2265,2019,27.3
2266,2019,7.5
2271,2019,8.4
2272,2019,27.9
2274,2019,8.4
2275,2019,20.0
2276,2019,16.7
2278,2019,4.2
2284,2019,17.6
2292,2019,3.5
2293,2019,14.2
2294,2019,9.3
2295,2019,10.4
2296,2019,4.7
2299,2019,8.2
2300,2019,7.4
2301,2019,4.2
2303,2019,6.5
2304,2019,10.3
2305,2019,11.4
2306,2019,11.8
2307,2019,10.8
2308,2019,4.2
2309,2019,20.0
2321,2019,17.5
2323,2019,22.4
2325,2019,29.2
2328,2019,12.8
2333,2019,15.8
2335,2019,11.1
2336,2019,13.2
2337,2019,10.1
2338,2019,14.1
2401,2019,32.0
2402,2019,16.7
2403,2019,7.4
2404,2019,13.8
2405,2019,14.3
2406,2019,25.9
2407,2019,35.0
2408,2019,11.4
2421,2019,5.0
2422,2019,33.9
2424,2019,11.5
2425,2019,13.6
2426,2019,11.0
2427,2019,9.4
2428,2019,9.9
2430,2019,14.2
2445,2019,6.1
2455,2019,7.6
2456,2019,3.4
2457,2019,4.2
2461,2019,5.6
2463,2019,5.5
2464,2019,11.5
2465,2019,4.7
2471,2019,14.5
2472,2019,12.9
2473,2019,26.0
2474,2019,17.6
2475,2019,12.1
2476,2019,17.9
2477,2019,10.5
2478,2019,8.7
2479,2019,10.9
2480,2019,8.9
2481,2019,18.7
2491,2019,11.0
2492,2019,8.7
2493,2019,11.5
2495,2019,29.2
2497,2019,28.0
2499,2019,8.1
2500,2019,39.1
2501,2019,17.0
2502,2019,6.7
2503,2019,15.9
2511,2019,8.0
2513,2019,25.3
2514,2019,5.0
2516,2019,11.2
2517,2019,31.0
2518,2019,8.5
2519,2019,39.5
2520,2019,8.1
2523,2019,4.5
2524,2019,3.9
2525,2019,10.4
2526,2019,8.4
2527,2019,19.3
2528,2019,10.3
2529,2019,8.4
2530,2019,12.4
2532,2019,18.4
2534,2019,43.7
2535,2019,6.4
2541,2019,8.6
2542,2019,28.9
2543,2019,18.2
2544,2019,11.0
2545,2019,13.4
2546,2019,36.5
2547,2019,8.7
2548,2019,6.4
2549,2019,3.1
2550,2019,16.9
2551,2019,7.6
2553,2019,7.7
2554,2019,10.5
2555,2019,6.9
2556,2019,16.4
2571,2019,13.3
2572,2019,21.4
2573,2019,44.2
2574,2019,33.6
2575,2019,10.9
2576,2019,24.9
2578,2019,14.4
2579,2019,23.8
2580,2019,22.0
2581,2019,29.3
2582,2019,17.5
2583,2019,37.7
2584,2019,12.9
2585,2019,10.8
2586,2019,23.9
2601,2019,21.3
2611,2019,9.9
2612,2019,7.3
2613,2019,25.2
2614,2019,13.7
2615,2019,12.4
2616,2019,4.8
2617,2019,12.3
2618,2019,11.8
2619,2019,10.3
2620,2019,8.5
2621,2019,9.2
2622,2019,10.4
2701,2019,38.0
2702,2019,24.8
2703,2019,26.7
2761,2019,25.3
2762,2019,27.5
2763,2019,19.7
2764,2019,14.6
2765,2019,27.3
2766,2019,30.7
2767,2019,26.6
2768,2019,18.3
2769,2019,25.8
2770,2019,21.1
2771,2019,23.3
2772,2019,15.0
2773,2019,23.5
2774,2019,12.6
2775,2019,17.4
2781,2019,9.9
2782,2019,10.9
2783,2019,10.9
2784,2019,15.7
2785,2019,19.3
2786,2019,27.5
2787,2019,25.5
2788,2019,12.9
2789,2019,12.5
2790,2019,11.8
2791,2019,9.4
2792,2019,12.3
2793,2019,24.4
2821,2019,10.9
2822,2019,23.0
2823,2019,15.5
2824,2019,32.3
2825,2019,29.8
2826,2019,22.1
2827,2019,12.4
2828,2019,28.5
2829,2019,27.6
2830,2019,11.0
2831,2019,41.3
2832,2019,11.4
2833,2019,7.3
2834,2019,8.8
2841,2019,6.3
2842,2019,11.8
2843,2019,19.3
2844,2019,8.5
2845,2019,13.5
2846,2019,18.1
2847,2019,11.5
2848,2019,9.0
2849,2019,20.1
2850,2019,9.8
2851,2019,5.6
2852,2019,12.1
2853,2019,14.9
2854,2019,11.8
2855,2019,6.8
2856,2019,11.3
2857,2019,9.4
2858,2019,8.9
2859,2019,22.3
2860,2019,8.2
2861,2019,16.9
2862,2019,28.5
2863,2019,9.8
2864,2019,21.4
2865,2019,7.2
2866,2019,10.0
2867,2019,5.2
2868,2019,6.9
2869,2019,19.8
2881,2019,6.4
2882,2019,6.3
2883,2019,6.5
2884,2019,10.2
2885,2019,10.7
2886,2019,18.3
2887,2019,7.1
2888,2019,17.9
2889,2019,7.0
2890,2019,9.0
2891,2019,25.0
2892,2019,20.0
2893,2019,11.8
2894,2019,11.0
2895,2019,30.1
2901,2019,9.5
2903,2019,12.5
2904,2019,18.1
2914,2019,11.1
2915,2019,19.8
2917,2019,9.4
2919,2019,19.1
2920,2019,23.1
2931,2019,23.1
2932,2019,22.9
2933,2019,9.8
2936,2019,12.3
2937,2019,42.7
2938,2019,12.4
2939,2019,28.1
2951,2019,8.6
2952,2019,15.6
2953,2019,13.3
2961,2019,31.3
2962,2019,19.4
2963,2019,28.2
2964,2019,23.2
2971,2019,17.7
2972,2019,8.0
2973,2019,26.8
2974,2019,13.3
3001,2019,22.5
3002,2019,5.3
3003,2019,5.5
3004,2019,6.3
3005,2019,6.1
3006,2019,11.1
3007,2019,11.7
3021,2019,25.4
3022,2019,13.5
3023,2019,12.0
3024,2019,12.6
3025,2019,11.9
3031,2019,14.5
3032,2019,20.9
3033,2019,20.2
3034,2019,10.9
3035,2019,17.0
3036,2019,8.3
3037,2019,22.2
3038,2019,16.6
3101,2019,19.9
3102,2019,4.6
3103,2019,5.4
3104,2019,3.2
3105,2019,9.7
3111,2019,7.9
3201,2019,9.1
3202,2019,8.2
3203,2019,31.5
3204,2019,27.1
3211,2019,10.5
3212,2019,9.7
3213,2019,25.5
3214,2019,8.6
3215,2019,48.7
3216,2019,28.7
3217,2019,24.4
3218,2019,11.5
3219,2019,8.3
3231,2019,35.5
3232,2019,24.1
3233,2019,20.1
3234,2019,24.0
3235,2019,33.7
3236,2019,49.6
3237,2019,23.2
3238,2019,28.1
3251,2019,28.6
3252,2019,15.1
3253,2019,18.6
3254,2019,18.1
3255,2019,32.1
3256,2019,23.1
3271,2019,40.0
3272,2019,23.4
3273,2019,19.4
3274,2019,32.2
3275,2019,39.7
3276,2019,30.8
3291,2019,29.5
3292,2019,21.6
3293,2019,17.0
3294,2019,11.4
3295,2019,17.4
3296,2019,27.3
3297,2019,15.5
3298,2019,18.9
3311,2019,10.8
3312,2019,11.4
3313,2019,19.5
3315,2019,13.1
3316,2019,12.9
3338,2019,25.7
3339,2019,27.9
3340,2019,18.4
3341,2019,13.1
3342,2019,16.0
3352,2019,14.1
3359,2019,12.0
3360,2019,6.5
3372,2019,6.8
3374,2019,20.3
3375,2019,10.2
3378,2019,9.5
3379,2019,24.6
3392,2019,28.0
3393,2019,14.6
3394,2019,4.6
3395,2019,15.3
3401,2019,18.6
3402,2019,28.7
3405,2019,12.2
3407,2019,19.1
3408,2019,28.2
3422,2019,9.0
3423,2019,7.5
3424,2019,13.5
3426,2019,12.6
3427,2019,29.0
3441,2019,6.2
3442,2019,14.6
3443,2019,20.4
3444,2019,8.3
3506,2019,22.9
3513,2019,17.4
3514,2019,10.9
3542,2019,14.9
3543,2019,15.0
3544,2019,17.6
3551,2019,14.1
3561,2019,8.6
3572,2019,13.5
3575,2019,19.7
3581,2019,9.5
3582,2019,21.1
3603,2019,20.0
3618,2019,6.4
3619,2019,16.3
3633,2019,10.9
3637,2019,12.2
3638,2019,3.4
3640,2019,16.8
3661,2019,16.5
3662,2019,4.0
3663,2019,5.2
3668,2019,32.9
3669,2019,3.8
3670,2019,7.5
3672,2019,4.3
3673,2019,5.5
3681,2019,5.3
3695,2019,10.3
3701,2019,13.2
3711,2019,9.4
3712,2019,16.9
3713,2019,11.3
3714,2019,11.2
3715,2019,4.4
3721,2019,13.8
3722,2019,23.4
3723,2019,19.3
3731,2019,12.7
3732,2019,24.2
3733,2019,16.3
3734,2019,12.2
3746,2019,18.8
3752,2019,23.6
3762,2019,20.9
3764,2019,7.3
3781,2019,16.1
3782,2019,27.8
3783,2019,26.1
3784,2019,33.7
3785,2019,23.7
3786,2019,23.3
3787,2019,40.4
3788,2019,15.6
3789,2019,32.5
3790,2019,34.9
3791,2019,32.5
3792,2019,14.3
3804,2019,10.1
3805,2019,15.3
3808,2019,11.9
3810,2019,12.8
3821,2019,15.8
3822,2019,21.2
3823,2019,20.4
3831,2019,21.0
3832,2019,31.6
3834,2019,24.3
3835,2019,23.9
3837,2019,17.5
3847,2019,6.8
3851,2019,27.3
3861,2019,6.4
3862,2019,3.5
3863,2019,8.4
3871,2019,20.3
3881,2019,4.1
3882,2019,16.7
3891,2019,7.6
3901,2019,20.3
3911,2019,18.8
3921,2019,25.2
3932,2019,8.8
3945,2019,11.8
3946,2019,10.5
3947,2019,15.2
3951,2019,10.1
3952,2019,10.8
3953,2019,10.4
3954,2019,8.4
3955,2019,21.1
3961,2019,7.4
3962,2019,17.6
3972,2019,10.2
3981,2019,8.2
3982,2019,14.0
3983,2019,5.9
3985,2019,4.7
3986,2019,12.1
3987,2019,9.3
3988,2019,8.2
4001,2019,20.9
4002,2019,9.8
4003,2019,35.3
4004,2019,10.1
4005,2019,17.3
4006,2019,22.1
4007,2019,10.9
4008,2019,15.9
4009,2019,13.7
4010,2019,31.9
4012,2019,33.6
4013,2019,26.7
4021,2019,26.8
4022,2019,9.9
4023,2019,17.8
4024,2019,19.9
4026,2019,23.0
4027,2019,25.7
4028,2019,12.9
4029,2019,26.9
4030,2019,26.6
4031,2019,16.3
4032,2019,23.6
4033,2019,34.0
4034,2019,48.7
4035,2019,18.6
4037,2019,17.5
4038,2019,31.1
4039,2019,14.1
4040,2019,50.3
4041,2019,21.4
4042,2019,38.5
4044,2019,28.8
4045,2019,27.8
4046,2019,18.5
4047,2019,25.0
4048,2019,18.2
4049,2019,17.1
4061,2019,13.6
4062,2019,18.2
4063,2019,21.7
4064,2019,18.8
4065,2019,37.1
4066,2019,18.1
4067,2019,17.2
4068,2019,14.7
4071,2019,15.1
4072,2019,16.9
4073,2019,14.2
4074,2019,12.5
4075,2019,27.4
4076,2019,15.0
4077,2019,17.7
4078,2019,8.8
4079,2019,12.7
4080,2019,32.4
4081,2019,16.8
4082,2019,39.4
4083,2019,20.0
4084,2019,12.5
4091,2019,12.5
4092,2019,44.3
4093,2019,15.5
4094,2019,15.3
4095,2019,28.7
4096,2019,17.4
4097,2019,8.8
4099,2019,10.7
4100,2019,24.5
4104,2019,18.8
4105,2019,6.3
4106,2019,11.4
4107,2019,17.9
4110,2019,18.2
4111,2019,18.0
4112,2019,11.9
4117,2019,7.0
4120,2019,18.4
4121,2019,27.7
4122,2019,16.3
4123,2019,29.0
4124,2019,11.6
4125,2019,16.9
4131,2019,14.9
4132,2019,15.2
4133,2019,31.4
4134,2019,10.9
4135,2019,18.5
4136,2019,17.3
4137,2019,10.8
4138,2019,8.2
4139,2019,39.5
4140,2019,23.3
4141,2019,41.5
4142,2019,8.9
4143,2019,9.2
4144,2019,16.6
4145,2019,26.2
4146,2019,30.8
4147,2019,13.9
4161,2019,21.9
4163,2019,26.6
4164,2019,9.4
4165,2019,14.2
4166,2019,16.2
4167,2019,18.9
4169,2019,17.9
4170,2019,33.1
4172,2019,28.3
4173,2019,11.2
4175,2019,13.4
4176,2019,24.4
4177,2019,27.5
4179,2019,17.8
4181,2019,9.8
4182,2019,8.3
4183,2019,17.4
4184,2019,15.2
4191,2019,13.7
4192,2019,14.6
4193,2019,22.5
4194,2019,24.8
4195,2019,13.7
4196,2019,23.6
4197,2019,19.5
4198,2019,19.3
4199,2019,33.3
4200,2019,29.1
4201,2019,28.4
4202,2019,15.4
4203,2019,21.1
4204,2019,28.6
4205,2019,25.7
4206,2019,21.5
4207,2019,20.3
4208,2019,11.7
4209,2019,24.9
4210,2019,18.5
4221,2019,12.7
4222,2019,17.1
4223,2019,19.1
4224,2019,9.0
4226,2019,7.9
4227,2019,10.2
4228,2019,18.8
4229,2019,17.2
4230,2019,12.3
4231,2019,16.5
4232,2019,10.4
4233,2019,10.6
4234,2019,20.3
4235,2019,19.2
4236,2019,21.7
4237,2019,12.3
4238,2019,14.8
4239,2019,19.2
4240,2019,15.5
4251,2019,5.0
4252,2019,29.0
4253,2019,15.4
4254,2019,24.9
4255,2019,34.0
4256,2019,15.6
4257,2019,12.7
4258,2019,32.4
4259,2019,14.1
4260,2019,40.6
4261,2019,15.4
4262,2019,10.2
4263,2019,16.8
4264,2019,12.7
4271,2019,44.1
4273,2019,10.4
4274,2019,10.8
4275,2019,10.7
4276,2019,20.7
4277,2019,14.2
4279,2019,19.9
4280,2019,36.9
4281,2019,11.6
4282,2019,22.7
4283,2019,24.4
4284,2019,13.9
4285,2019,27.3
4286,2019,9.6
4287,2019,7.5
4288,2019,3.1
4289,2019,19.9
4301,2019,11.7
4302,2019,11.7
4303,2019,41.4
4304,2019,43.1
4305,2019,18.3
4306,2019,31.0
4307,2019,17.8
4308,2019,38.3
4309,2019,29.1
4310,2019,42.4
4311,2019,35.2
4312,2019,15.3
4313,2019,20.4
4314,2019,14.0
4315,2019,36.3
4316,2019,35.7
4317,2019,34.4
4318,2019,12.8
4319,2019,20.6
4320,2019,16.9
4322,2019,11.0
4323,2019,38.6
4401,2019,33.0
4406,2019,15.5
4411,2019,13.6
4416,2019,15.1
4421,2019,18.3
4426,2019,17.5
4431,2019,10.8
4436,2019,31.7
4441,2019,29.2
4446,2019,16.6
4451,2019,18.3
4461,2019,32.5
4471,2019,26.5
4476,2019,27.0
4486,2019,9.8
4495,2019,7.4
4501,2019,24.9
4506,2019,26.9
4511,2019,13.8
4536,2019,15.1
4545,2019,36.0
4546,2019,13.1
4551,2019,15.8
4561,2019,20.9
4566,2019,24.4
4571,2019,15.0
4590,2019,10.1
4591,2019,27.0
4601,2019,7.1
4606,2019,8.0
4611,2019,7.7
4616,2019,9.4
4621,2019,11.8
4641,2019,21.4
4643,2019,33.8
4646,2019,31.9
4651,2019,40.8
4656,2019,21.0
4666,2019,19.0
4671,2019,54.8
4681,2019,17.0
4683,2019,27.8
4691,2019,37.1
4696,2019,36.9
4701,2019,18.9
4711,2019,16.0
4716,2019,22.9
4721,2019,11.2
4723,2019,9.3
4724,2019,14.5
4726,2019,8.4
4741,2019,12.5
4746,2019,21.0
4751,2019,37.2
4756,2019,7.4
4761,2019,24.5
4776,2019,16.6
4781,2019,15.1
4786,2019,13.0
4791,2019,7.0
4801,2019,24.9
4806,2019,19.8
4811,2019,10.7
4816,2019,8.3
4821,2019,11.1
4826,2019,27.3
4831,2019,17.6
4841,2019,14.6
4846,2019,10.7
4851,2019,28.2
4864,2019,27.1
4871,2019,21.9
4881,2019,10.8
4891,2019,14.3
4901,2019,12.6
4911,2019,30.1
4921,2019,15.0
4941,2019,15.1
4946,2019,23.3
4951,2019,16.6
5001,2019,27.6
5002,2019,25.5
5003,2019,41.1
5009,2019,9.6
5010,2019,18.4
5017,2019,25.4
5048,2019,12.1
5049,2019,7.2
5050,2019,8.9
5061,2019,23.9
5063,2019,12.3
5064,2019,48.6
5071,2019,8.2
5072,2019,20.3
5073,2019,28.7
5076,2019,17.8
5077,2019,38.3
5078,2019,21.8
5079,2019,23.8
5091,2019,27.8
5096,2019,21.9
5097,2019,21.8
5108,2019,18.9
5112,2019,21.9
5113,2019,34.2
5115,2019,22.6
5117,2019,9.1
5118,2019,24.4
5120,2019,28.8
5121,2019,19.4
5125,2019,24.3
5131,2019,24.8
5136,2019,7.3
5138,2019,13.7
5141,2019,32.9
5143,2019,11.2
5144,2019,11.7
5146,2019,14.4
5148,2019,15.4
5149,2019,11.3
5151,2019,20.3
5154,2019,41.2
5160,2019,22.9
5161,2019,17.7
5162,2019,29.4
5167,2019,27.1
5171,2019,30.0
5176,2019,11.7
5178,2019,18.2
5180,2019,16.5
5181,2019,16.1
5186,2019,28.9
5187,2019,20.1
5189,2019,36.2
5192,2019,38.4
5193,2019,22.4
5194,2019,19.9
5195,2019,35.4
5196,2019,42.0
5197,2019,27.8
5198,2019,36.7
5199,2019,13.8
5200,2019,14.8
5202,2019,25.7
5203,2019,39.3
5205,2019,23.3
5206,2019,13.0
5207,2019,10.3
5208,2019,17.5
5210,2019,57.8
5212,2019,14.9
5213,2019,33.5
5214,2019,22.7
5216,2019,19.6
5219,2019,20.4
5221,2019,33.0
5222,2019,20.4
5225,2019,34.1
5226,2019,11.1
5227,2019,27.4
5230,2019,18.2
5231,2019,24.0
5233,2019,43.2
5236,2019,32.7
5237,2019,9.0
5238,2019,18.9
5242,2019,26.5
5249,2019,12.1
5250,2019,40.5
5251,2019,20.3
5254,2019,22.0
5257,2019,24.6
5260,2019,17.8
5263,2019,18.8
5266,2019,23.0
5268,2019,29.6
5269,2019,10.8
5281,2019,34.0
5287,2019,29.7
5304,2019,8.2
5307,2019,17.6
5309,2019,6.7
5310,2019,15.6
5315,2019,10.6
5317,2019,10.4
5323,2019,6.5
5324,2019,9.5
5396,2019,11.3
5397,2019,9.8
5398,2019,21.5
5399,2019,5.9
5401,2019,40.2
5402,2019,32.2
5403,2019,17.8
5404,2019,7.4
5405,2019,27.9
5406,2019,18.2
5407,2019,53.5
5408,2019,25.6
5409,2019,34.2
5410,2019,16.5
5411,2019,22.7
5412,2019,29.7
5413,2019,33.9
5414,2019,40.7
5415,2019,18.7
5421,2019,18.8
5422,2019,31.3
5423,2019,21.4
5424,2019,12.3
5425,2019,29.9
5426,2019,30.2
5427,2019,26.5
5428,2019,24.4
5429,2019,15.4
5430,2019,12.9
5431,2019,18.6
5434,2019,21.3
5435,2019,16.1
5436,2019,20.8
5437,2019,23.5
5451,2019,36.6
5456,2019,13.2
5458,2019,17.8
5464,2019,16.5
5471,2019,16.8
5472,2019,22.6
5473,2019,15.2
5474,2019,10.9
5475,2019,15.8
5476,2019,7.9
5477,2019,23.7
5478,2019,15.0
5479,2019,13.2
5480,2019,17.2
5481,2019,12.0
5482,2019,25.2
5483,2019,10.4
5484,2019,15.8
5485,2019,15.9
5486,2019,11.0
5487,2019,17.9
5488,2019,7.0
5489,2019,25.6
5490,2019,6.5
5491,2019,12.6
5492,2019,17.1
5493,2019,15.9
5494,2019,13.4
5495,2019,28.2
5496,2019,24.5
5497,2019,25.8
5498,2019,28.9
5499,2019,14.7
5500,2019,9.7
5501,2019,17.5
5503,2019,15.1
5511,2019,12.3
5512,2019,17.0
5513,2019,21.2
5514,2019,14.7
5515,2019,17.6
5516,2019,23.9
5518,2019,21.1
5520,2019,12.7
5521,2019,20.5
5522,2019,12.0
5523,2019,17.5
5527,2019,16.4
5529,2019,13.7
5530,2019,11.6
5531,2019,5.2
5533,2019,13.6
5534,2019,12.5
5535,2019,11.6
5537,2019,11.9
5539,2019,13.2
5540,2019,14.2
5541,2019,11.1
5551,2019,9.2
5552,2019,6.1
5553,2019,16.5
5554,2019,14.6
5555,2019,10.4
5556,2019,8.1
5557,2019,14.0
5559,2019,16.9
5560,2019,11.3
5561,2019,19.8
5562,2019,6.7
5563,2019,3.9
5564,2019,9.0
5565,2019,12.5
5566,2019,9.3
5568,2019,19.0
5571,2019,12.9
5581,2019,25.2
5582,2019,22.7
5583,2019,43.7
5584,2019,29.7
5585,2019,20.0
5586,2019,42.4
5587,2019,28.2
5588,2019,31.5
5589,2019,41.8
5590,2019,32.2
5591,2019,49.9
5592,2019,24.4
5601,2019,23.3
5604,2019,18.8
5606,2019,26.6
5607,2019,29.8
5609,2019,17.0
5610,2019,23.4
5611,2019,20.8
5613,2019,22.2
5621,2019,24.3
5622,2019,14.7
5623,2019,25.1
5624,2019,36.2
5625,2019,15.6
5627,2019,50.2
5628,2019,21.2
5629,2019,23.6
5631,2019,17.2
5632,2019,29.2
5633,2019,28.4
5634,2019,19.7
5635,2019,46.3
5636,2019,32.0
5637,2019,24.7
5638,2019,21.8
5639,2019,15.5
5640,2019,17.6
5642,2019,36.2
5643,2019,30.8
5644,2019,15.8
5645,2019,15.3
5646,2019,36.9
5648,2019,47.1
5649,2019,29.2
5650,2019,19.4
5651,2019,26.7
5652,2019,16.4
5653,2019,20.0
5654,2019,19.3
5655,2019,23.8
5661,2019,7.7
5663,2019,11.9
5665,2019,6.7
5669,2019,11.0
5671,2019,12.4
5673,2019,11.2
5674,2019,5.9
5675,2019,36.5
5678,2019,45.7
5680,2019,12.5
5683,2019,11.9
5684,2019,21.4
5688,2019,23.2
5690,2019,9.0
5692,2019,17.9
5693,2019,11.6
5701,2019,23.5
5702,2019,27.8
5703,2019,22.9
5704,2019,28.8
5705,2019,35.0
5706,2019,29.3
5707,2019,35.6
5708,2019,37.5
5709,2019,22.9
5710,2019,18.5
5711,2019,38.5
5712,2019,39.6
5713,2019,32.3
5714,2019,23.9
5715,2019,23.7
5716,2019,32.7
5717,2019,41.9
5718,2019,30.2
5719,2019,26.2
5720,2019,28.0
5721,2019,34.8
5722,2019,19.4
5723,2019,38.8
5724,2019,40.4
5725,2019,29.9
5726,2019,26.0
5727,2019,30.3
5728,2019,29.6
5729,2019,38.6
5730,2019,24.3
5731,2019,19.3
5732,2019,31.8
5741,2019,6.6
5742,2019,18.6
5743,2019,11.6
5744,2019,19.3
5745,2019,15.5
5746,2019,14.7
5747,2019,6.2
5748,2019,8.1
5749,2019,25.1
5750,2019,11.9
5752,2019,13.4
5754,2019,7.9
5755,2019,18.3
5756,2019,12.1
5757,2019,32.4
5758,2019,11.5
5759,2019,9.8
5760,2019,10.7
5761,2019,14.6
5762,2019,9.7
5763,2019,17.3
5764,2019,31.1
5765,2019,9.1
5766,2019,17.6
5785,2019,16.6
5788,2019,18.4
5790,2019,13.8
5792,2019,23.7
5798,2019,20.5
5799,2019,16.6
5803,2019,10.7
5804,2019,14.7
5805,2019,21.4
5806,2019,15.2
5812,2019,7.7
5813,2019,9.1
5816,2019,26.8
5817,2019,15.5
5819,2019,20.6
5821,2019,16.4
5822,2019,40.6
5827,2019,10.9
5828,2019,9.9
5830,2019,14.6
5831,2019,23.0
5841,2019,25.7
5842,2019,13.1
5843,2019,36.2
5851,2019,29.9
5852,2019,23.9
5853,2019,21.3
5854,2019,19.9
5855,2019,30.7
5856,2019,22.8
5857,2019,30.5
5858,2019,29.9
5859,2019,28.6
5860,2019,30.0
5861,2019,44.0
5862,2019,25.7
5863,2019,22.3
5871,2019,15.2
5872,2019,26.1
5873,2019,15.6
5881,2019,22.5
5882,2019,23.8
5883,2019,27.3
5884,2019,31.6
5885,2019,23.2
5886,2019,44.2
5888,2019,24.0
5889,2019,30.0
5890,2019,41.6
5891,2019,34.7
5902,2019,12.6
5903,2019,1.3
5904,2019,12.8
5905,2019,13.9
5907,2019,10.0
5908,2019,17.1
5909,2019,13.4
5910,2019,10.2
5911,2019,6.3
5912,2019,4.5
5913,2019,12.0
5914,2019,10.4
5919,2019,12.5
5921,2019,15.9
5922,2019,12.7
5923,2019,24.1
5924,2019,11.4
5925,2019,8.2
5926,2019,9.6
5928,2019,13.0
5929,2019,17.8
5930,2019,14.0
5931,2019,16.7
5932,2019,15.6
5933,2019,15.2
5934,2019,3.5
5935,2019,12.9
5937,2019,9.6
5938,2019,37.3
5939,2019,15.0
6002,2019,16.3
6004,2019,4.4
6007,2019,14.8
6008,2019,8.5
6009,2019,2.3
6010,2019,5.5
6011,2019,27.0
6021,2019,31.0
6022,2019,19.1
6023,2019,23.7
6024,2019,15.5
6025,2019,24.7
6032,2019,9.5
6033,2019,6.9
6034,2019,13.9
6035,2019,18.1
6037,2019,27.6
6052,2019,12.3
6054,2019,4.5
6056,2019,9.1
6057,2019,11.8
6058,2019,9.7
6061,2019,10.2
6076,2019,10.7
6077,2019,10.7
6082,2019,12.5
6083,2019,9.8
6084,2019,5.6
6087,2019,5.8
6089,2019,11.9
6090,2019,11.2
6101,2019,10.1
6102,2019,10.8
6104,2019,2.8
6109,2019,28.7
6110,2019,12.9
6111,2019,32.8
6112,2019,0.0
6113,2019,14.0
6116,2019,7.4
6117,2019,4.9
6118,2019,12.5
6119,2019,9.5
6131,2019,15.7
6133,2019,19.0
6134,2019,4.4
6135,2019,17.6
6136,2019,30.3
6137,2019,11.8
6139,2019,29.8
6140,2019,19.6
6141,2019,30.2
6142,2019,18.2
6151,2019,23.5
6152,2019,25.5
6153,2019,33.0
6154,2019,31.1
6155,2019,27.5
6156,2019,13.1
6157,2019,18.4
6158,2019,19.3
6159,2019,27.7
6172,2019,6.1
6173,2019,9.6
6177,2019,4.5
6181,2019,13.2
6191,2019,7.9
6192,2019,4.1
6193,2019,3.9
6194,2019,4.5
6195,2019,3.6
6197,2019,3.8
6198,2019,7.0
6199,2019,12.4
6201,2019,5.5
6202,2019,4.5
6203,2019,11.8
6204,2019,13.7
6205,2019,12.7
6211,2019,18.3
6212,2019,14.4
6213,2019,19.4
6214,2019,32.3
6215,2019,17.4
6217,2019,25.4
6218,2019,8.6
6219,2019,25.8
6220,2019,7.4
6232,2019,18.5
6235,2019,44.6
6238,2019,23.1
6239,2019,21.6
6240,2019,31.5
6246,2019,20.7
6248,2019,31.3
6252,2019,18.7
6253,2019,36.8
6254,2019,13.6
6261,2019,15.4
6263,2019,13.5
6265,2019,13.0
6266,2019,27.4
6267,2019,16.8
6281,2019,8.4
6282,2019,2.1
6283,2019,6.1
6285,2019,9.2
6286,2019,11.9
6287,2019,29.2
6288,2019,11.3
6289,2019,6.9
6290,2019,29.1
6291,2019,11.1
6292,2019,10.3
6293,2019,8.9
6294,2019,2.4
6295,2019,56.7
6296,2019,3.3
6297,2019,23.6
6298,2019,4.9
6299,2019,9.0
6300,2019,41.1
6404,2019,28.7
6408,2019,19.8
6413,2019,10.9
6416,2019,18.8
6417,2019,18.2
6421,2019,30.3
6422,2019,13.2
6423,2019,8.9
6432,2019,4.8
6433,2019,6.0
6434,2019,5.1
6435,2019,4.0
6436,2019,28.2
6437,2019,8.4
6451,2019,24.2
6452,2019,26.4
6453,2019,15.8
6454,2019,26.6
6455,2019,20.1
6456,2019,9.7
6458,2019,31.6
6459,2019,19.7
6461,2019,25.3
6487,2019,16.6
6504,2019,6.5
6511,2019,7.8
6512,2019,19.4
6601,2019,16.4
6602,2019,32.0
6603,2019,17.2
6604,2019,11.9
6605,2019,23.0
6606,2019,36.9
6607,2019,21.8
6608,2019,37.0
6609,2019,21.6
6610,2019,30.1
6611,2019,21.1
6612,2019,34.2
6613,2019,36.4
6614,2019,23.7
6615,2019,32.2
6616,2019,28.3
6617,2019,35.4
6618,2019,17.3
6619,2019,28.4
6620,2019,28.4
6621,2019,48.0
6622,2019,32.7
6623,2019,41.1
6624,2019,18.6
6625,2019,27.5
6626,2019,22.0
6627,2019,13.7
6628,2019,35.0
6629,2019,19.5
6630,2019,43.7
6631,2019,36.0
6632,2019,24.8
6633,2019,22.4
6634,2019,50.4
6635,2019,20.1
6636,2019,23.2
6637,2019,27.4
6638,2019,25.9
6639,2019,18.4
6640,2019,34.2
6641,2019,21.8
6642,2019,28.9
6643,2019,43.8
6644,2019,41.7
6645,2019,27.5
6702,2019,8.4
6703,2019,5.0
6704,2019,8.5
6706,2019,5.3
6708,2019,21.4
6709,2019,13.9
6710,2019,15.7
6711,2019,28.7
6712,2019,13.9
6713,2019,6.7
6715,2019,3.8
6716,2019,14.3
6718,2019,8.1
6719,2019,2.6
6721,2019,11.3
6722,2019,4.5
6724,2019,15.8
6729,2019,15.5
6730,2019,7.0
6741,2019,2.2
6742,2019,7.1
6743,2019,11.9
6744,2019,5.1
6745,2019,3.4
6748,2019,5.6
6750,2019,8.2
6751,2019,6.3
6753,2019,7.7
6754,2019,15.4
6757,2019,8.3
6758,2019,5.0
6759,2019,1.6
6771,2019,11.0
6773,2019,7.7
6774,2019,10.9
6775,2019,10.6
6778,2019,4.3
6781,2019,4.4
6782,2019,7.3
6783,2019,6.9
6784,2019,10.7
6785,2019,7.3
6787,2019,6.1
6789,2019,7.7
6790,2019,8.6
6792,2019,6.7
6793,2019,4.4
6800,2019,18.4
6806,2019,7.2
6807,2019,9.1
6808,2019,7.3
6809,2019,8.4
6810,2019,6.0