geo,year,taxable_income_percapita
che,2019,35.791
1,2019,53.024
2,2019,33.138
3,2019,40.697
4,2019,41.667
5,2019,44.567
6,2019,44.581
7,2019,38.037
8,2019,32.681
9,2019,41.108
10,2019,33.241
11,2019,39.804
12,2019,39.179
13,2019,47.560
14,2019,56.817
21,2019,34.895
22,2019,40.959
23,2019,61.146
24,2019,36.974
25,2019,37.752
26,2019,38.459
27,2019,36.261
28,2019,33.454
29,2019,46.813
30,2019,39.951
31,2019,35.251
32,2019,39.812
33,2019,35.509
34,2019,48.898
35,2019,38.005
37,2019,33.391
38,2019,32.891
39,2019,36.532
40,2019,33.654
41,2019,32.187
43,2019,37.774
51,2019,35.257
52,2019,36.641
53,2019,34.728
54,2019,37.805
55,2019,37.517
56,2019,32.232
57,2019,37.448
58,2019,32.828
59,2019,36.942
60,2019,27.331
61,2019,39.174
62,2019,32.957
63,2019,44.645
64,2019,49.462
65,2019,39.794
66,2019,32.434
67,2019,34.481
68,2019,28.200
69,2019,42.267
70,2019,35.330
71,2019,39.808
72,2019,60.845
81,2019,37.301
82,2019,57.152
83,2019,34.150
84,2019,33.667
85,2019,34.268
86,2019,32.484
87,2019,42.887
88,2019,60.068
89,2019,32.761
90,2019,31.870
91,2019,39.100
92,2019,27.230
93,2019,39.553
94,2019,36.391
95,2019,48.535
96,2019,31.661
97,2019,31.562
98,2019,37.041
99,2019,41.089
100,2019,36.367
101,2019,35.342
102,2019,31.303
111,2019,33.582
112,2019,37.831
113,2019,32.420
114,2019,26.836
115,2019,37.088
116,2019,38.588
117,2019,34.361
118,2019,29.619
119,2019,37.693
120,2019,28.082
121,2019,31.740
131,2019,42.098
135,2019,93.101
136,2019,42.585
137,2019,61.313
138,2019,41.928
139,2019,91.154
141,2019,56.445
151,2019,102.707
152,2019,92.077
153,2019,35.634
154,2019,99.792
155,2019,50.924
156,2019,70.277
157,2019,29.972
158,2019,50.389
159,2019,60.003
160,2019,90.754
161,2019,88.608
172,2019,36.554
173,2019,37.204
176,2019,37.200
177,2019,39.367
178,2019,39.951
180,2019,38.898
181,2019,30.018
182,2019,35.741
191,2019,38.224
192,2019,43.972
193,2019,42.226
194,2019,41.689
195,2019,55.181
196,2019,34.607
197,2019,36.486
198,2019,38.494
199,2019,36.212
200,2019,38.976
211,2019,34.585
213,2019,50.062
214,2019,38.175
215,2019,43.349
216,2019,39.863
218,2019,35.830
219,2019,33.738
220,2019,35.974
221,2019,45.397
223,2019,39.592
224,2019,31.247
225,2019,33.431
226,2019,29.652
227,2019,45.337
228,2019,26.730
230,2019,32.276
231,2019,28.973
241,2019,51.981
242,2019,41.182
243,2019,26.149
244,2019,36.781
245,2019,37.816
246,2019,48.836
247,2019,28.664
248,2019,87.501
249,2019,47.933
250,2019,35.164
251,2019,38.232
261,2019,42.135
292,2019,33.598
293,2019,42.508
294,2019,32.818
295,2019,48.072
296,2019,32.076
297,2019,31.332
298,2019,40.523
301,2019,32.421
302,2019,27.262
303,2019,31.602
304,2019,30.758
305,2019,34.963
306,2019,32.519
307,2019,38.259
309,2019,32.229
310,2019,35.421
311,2019,33.897
312,2019,32.925
321,2019,28.021
322,2019,23.062
323,2019,28.637
324,2019,28.207
325,2019,30.237
326,2019,23.161
329,2019,29.301
331,2019,25.996
332,2019,27.967
333,2019,24.638
334,2019,26.183
335,2019,22.492
336,2019,26.434
337,2019,25.341
338,2019,24.159
339,2019,21.079
340,2019,23.417
341,2019,31.320
342,2019,27.128
344,2019,23.061
345,2019,25.554
351,2019,36.450
352,2019,41.758
353,2019,43.942
354,2019,44.574
355,2019,34.405
356,2019,52.946
357,2019,28.907
358,2019,36.915
359,2019,35.293
360,2019,39.912
361,2019,32.085
362,2019,34.943
363,2019,28.395
371,2019,26.173
372,2019,41.952
381,2019,29.658
382,2019,30.376
383,2019,30.324
385,2019,30.243
386,2019,26.386
387,2019,26.661
388,2019,27.034
389,2019,33.020
390,2019,29.569
391,2019,27.503
392,2019,23.762
393,2019,28.705
394,2019,31.413
401,2019,28.598
402,2019,31.714
403,2019,34.707
404,2019,29.843
405,2019,29.890
406,2019,24.343
407,2019,24.780
408,2019,25.066
409,2019,32.372
410,2019,30.740
411,2019,29.862
412,2019,32.998
413,2019,30.645
414,2019,31.161
415,2019,30.432
416,2019,31.489
418,2019,22.945
420,2019,27.296
421,2019,23.620
422,2019,30.986
423,2019,32.197
424,2019,25.482
431,2019,28.064
432,2019,26.319
433,2019,25.043
434,2019,26.751
435,2019,26.069
437,2019,22.546
438,2019,28.983
441,2019,24.986
442,2019,32.202
443,2019,24.954
444,2019,25.222
445,2019,22.862
446,2019,26.473
448,2019,29.376
449,2019,28.278
450,2019,27.404
491,2019,28.421
492,2019,33.443
493,2019,25.407
494,2019,34.163
495,2019,32.880
496,2019,30.781
497,2019,34.989
498,2019,27.908
499,2019,29.221
500,2019,31.603
501,2019,29.999
502,2019,33.284
533,2019,31.324
535,2019,40.595
536,2019,34.476
538,2019,32.342
540,2019,34.756
541,2019,35.176
543,2019,35.442
544,2019,31.065
546,2019,31.077
551,2019,29.051
552,2019,30.391
553,2019,31.851
554,2019,28.225
556,2019,28.589
557,2019,35.451
561,2019,22.723
562,2019,27.935
563,2019,23.651
564,2019,19.575
565,2019,27.382
566,2019,28.142
567,2019,23.834
571,2019,25.889
572,2019,27.824
573,2019,26.661
574,2019,26.230
575,2019,26.283
576,2019,29.062
577,2019,29.498
578,2019,20.644
579,2019,17.700
580,2019,26.267
581,2019,29.223
582,2019,25.266
584,2019,26.308
585,2019,30.163
586,2019,22.788
587,2019,27.532
588,2019,27.782
589,2019,29.702
590,2019,27.461
591,2019,21.044
592,2019,28.100
593,2019,32.318
594,2019,26.498
602,2019,25.217
603,2019,29.232
605,2019,23.057
606,2019,29.156
607,2019,28.350
608,2019,31.209
609,2019,32.324
610,2019,33.713
611,2019,31.526
612,2019,31.333
613,2019,20.759
614,2019,23.650
615,2019,26.332
616,2019,34.830
617,2019,27.345
619,2019,29.770
620,2019,23.801
622,2019,34.234
623,2019,35.757
626,2019,25.161
627,2019,31.718
628,2019,26.666
629,2019,22.829
630,2019,46.901
632,2019,31.502
661,2019,17.829
662,2019,30.326
663,2019,38.068
665,2019,26.465
666,2019,26.699
667,2019,31.348
668,2019,34.624
669,2019,30.908
670,2019,30.208
671,2019,28.944
681,2019,31.833
683,2019,28.631
687,2019,27.016
690,2019,26.458
691,2019,24.946
692,2019,28.674
694,2019,27.841
696,2019,28.763
700,2019,25.089
701,2019,26.902
703,2019,23.182
704,2019,29.204
706,2019,23.003
707,2019,20.228
708,2019,12.463
709,2019,17.435
711,2019,26.645
713,2019,23.967
715,2019,17.281
716,2019,19.474
717,2019,25.756
723,2019,40.654
724,2019,31.550
726,2019,29.723
731,2019,27.211
732,2019,42.986
733,2019,26.042
734,2019,40.241
735,2019,28.408
736,2019,31.808
737,2019,31.291
738,2019,35.589
739,2019,36.651
740,2019,47.212
741,2019,60.873
742,2019,65.823
743,2019,27.992
744,2019,27.465
745,2019,36.308
746,2019,30.659
747,2019,41.432
748,2019,30.238
749,2019,27.319
750,2019,34.650
751,2019,35.316
754,2019,31.626
755,2019,31.024
756,2019,39.845
761,2019,22.878
762,2019,23.881
763,2019,26.978
766,2019,19.482
767,2019,27.132
768,2019,32.828
769,2019,24.884
770,2019,25.678
782,2019,27.605
783,2019,20.591
784,2019,25.204
785,2019,27.893
786,2019,25.779
791,2019,20.362
792,2019,25.100
793,2019,20.726
794,2019,26.444
841,2019,29.222
842,2019,33.834
843,2019,61.741
852,2019,18.628
853,2019,26.354
855,2019,28.707
861,2019,33.068
863,2019,27.851
866,2019,39.105
867,2019,24.857
868,2019,31.105
869,2019,29.984
870,2019,30.901
872,2019,32.319
873,2019,27.671
874,2019,29.538
876,2019,29.440
877,2019,28.543
879,2019,28.670
880,2019,25.808
881,2019,31.104
883,2019,29.184
884,2019,33.289
885,2019,32.423
886,2019,25.015
888,2019,31.765
901,2019,18.375
902,2019,26.612
903,2019,22.996
904,2019,20.464
905,2019,24.673
906,2019,17.917
907,2019,23.670
908,2019,15.500
909,2019,20.386
921,2019,31.903
922,2019,26.096
923,2019,24.088
924,2019,20.916
925,2019,27.558
927,2019,25.575
928,2019,29.677
929,2019,45.567
931,2019,20.227
932,2019,16.055
934,2019,43.259
935,2019,21.782
936,2019,23.942
937,2019,23.682
938,2019,33.828
939,2019,31.761
940,2019,19.083
941,2019,29.242
942,2019,31.829
943,2019,24.279
944,2019,29.933
945,2019,23.583
946,2019,19.524
947,2019,25.520
948,2019,26.537
951,2019,23.874
952,2019,20.869
953,2019,20.279
954,2019,24.256
955,2019,24.691
956,2019,27.353
957,2019,23.670
958,2019,21.488
959,2019,20.282
960,2019,19.737
971,2019,31.844
972,2019,41.159
973,2019,28.619
975,2019,30.373
976,2019,25.001
977,2019,27.601
979,2019,27.849
980,2019,29.865
981,2019,27.673
982,2019,29.493
983,2019,31.211
985,2019,21.606
987,2019,30.013
988,2019,26.761
989,2019,27.965
990,2019,32.951
991,2019,31.126
992,2019,31.000
993,2019,29.085
995,2019,29.174
996,2019,39.759
1001,2019,22.036
1002,2019,24.633
1004,2019,20.609
1005,2019,21.922
1007,2019,16.980
1008,2019,23.735
1009,2019,22.024
1010,2019,21.560
1021,2019,34.036
1022,2019,25.054
1023,2019,33.082
1024,2019,25.368
1025,2019,31.415
1026,2019,35.039
1030,2019,30.676
1031,2019,28.144
1032,2019,29.561
1033,2019,33.122
1037,2019,34.336
1039,2019,27.413
1040,2019,32.717
1041,2019,31.315
1051,2019,38.151
1052,2019,33.129
1053,2019,29.000
1054,2019,30.627
1055,2019,40.789
1056,2019,40.468
1057,2019,38.777
1058,2019,67.422
1059,2019,31.427
1061,2019,36.628
1062,2019,29.727
1063,2019,81.012
1064,2019,37.542
1065,2019,29.038
1066,2019,28.597
1067,2019,39.198
1068,2019,44.171
1069,2019,74.371
1081,2019,28.123
1082,2019,26.806
1083,2019,28.950
1084,2019,52.943
1085,2019,27.495
1086,2019,26.305
1088,2019,40.124
1089,2019,34.503
1091,2019,38.599
1093,2019,30.360
1094,2019,31.899
1095,2019,38.118
1097,2019,26.440
1098,2019,27.208
1099,2019,50.266
1100,2019,30.160
1102,2019,38.120
1103,2019,35.199
1104,2019,26.828
1107,2019,24.220
1121,2019,28.015
1122,2019,30.439
1123,2019,29.282
1125,2019,30.342
1126,2019,22.419
1127,2019,34.428
1128,2019,26.687
1129,2019,23.815
1130,2019,20.361
1131,2019,27.389
1132,2019,20.064
1135,2019,18.687
1136,2019,24.144
1137,2019,30.752
1139,2019,28.999
1140,2019,26.485
1142,2019,25.632
1143,2019,25.577
1145,2019,22.518
1146,2019,29.316
1147,2019,28.430
1150,2019,24.735
1151,2019,27.150
1201,2019,33.734
1202,2019,45.624
1203,2019,29.077
1204,2019,36.598
1205,2019,27.553
1206,2019,24.889
1207,2019,35.334
1208,2019,25.475
1209,2019,22.621
1210,2019,26.378
1211,2019,17.737
1212,2019,36.233
1213,2019,29.752
1214,2019,26.980
1215,2019,30.231
1216,2019,24.863
1217,2019,29.061
1218,2019,19.507
1219,2019,20.081
1220,2019,22.365
1301,2019,34.378
1311,2019,39.311
1321,2019,153.300
1322,2019,104.357
1323,2019,166.149
1331,2019,55.324
1341,2019,64.362
1342,2019,38.435
1343,2019,27.779
1344,2019,50.453
1345,2019,33.847
1346,2019,31.295
1347,2019,39.959
1348,2019,28.909
1349,2019,38.191
1361,2019,36.877
1362,2019,31.933
1363,2019,20.776
1364,2019,37.545
1365,2019,29.303
1366,2019,28.110
1367,2019,24.441
1368,2019,36.376
1369,2019,9.826
1370,2019,25.885
1371,2019,35.543
1372,2019,35.311
1373,2019,30.390
1374,2019,31.450
1375,2019,28.536
1401,2019,31.451
1402,2019,48.332
1403,2019,27.180
1404,2019,29.343
1405,2019,32.885
1406,2019,35.068
1407,2019,60.179
1501,2019,40.655
1502,2019,34.423
1503,2019,29.638
1504,2019,39.049
1505,2019,49.582
1506,2019,32.376
1507,2019,111.282
1508,2019,31.939
1509,2019,37.653
1510,2019,50.782
1511,2019,24.783
1630,2019,29.816
1631,2019,28.739
1632,2019,30.922
1701,2019,52.956
1702,2019,48.890
1703,2019,57.244
1704,2019,36.713
1705,2019,47.885
1706,2019,72.617
1707,2019,52.320
1708,2019,45.127
1709,2019,48.957
1710,2019,93.100
1711,2019,90.202
2008,2019,37.036
2009,2019,22.788
2011,2019,28.498
2016,2019,28.163
2022,2019,31.220
2025,2019,25.916
2027,2019,28.633
2029,2019,27.508
2035,2019,26.233
2038,2019,25.329
2041,2019,30.478
2043,2019,27.002
2044,2019,27.617
2045,2019,31.106
2050,2019,27.512
2051,2019,37.154
2053,2019,27.022
2054,2019,29.292
2055,2019,34.643
2061,2019,96.702
2063,2019,28.102
2066,2019,29.252
2067,2019,25.261
2068,2019,25.939
2072,2019,37.390
2079,2019,24.880
2086,2019,25.980
2087,2019,28.698
2089,2019,30.938
2096,2019,24.128
2097,2019,30.132
2099,2019,28.409
2102,2019,28.861
2111,2019,26.918
2113,2019,26.631
2114,2019,26.784
2115,2019,26.929
2116,2019,28.235
2121,2019,24.442
2122,2019,34.178
2123,2019,28.635
2124,2019,27.039
2125,2019,27.822
2128,2019,32.920
2129,2019,31.743
2130,2019,51.852
2131,2019,35.395
2134,2019,29.307
2135,2019,29.359
2137,2019,29.838
2138,2019,20.065
2140,2019,32.485
2143,2019,38.802
2145,2019,37.352
2147,2019,35.670
2148,2019,32.692
2149,2019,30.012
2152,2019,28.505
2153,2019,29.094
2155,2019,28.952
2160,2019,28.961
2162,2019,25.893
2163,2019,32.635
2171,2019,30.321
2173,2019,29.191
2174,2019,35.473
2175,2019,27.235
2177,2019,27.811
2183,2019,41.346
2185,2019,30.987
2186,2019,29.728
2189,2019,29.104
2194,2019,33.921
2196,2019,27.992
2197,2019,28.990
2198,2019,27.058
2200,2019,28.510
2206,2019,28.556
2208,2019,33.508
2211,2019,33.365
2213,2019,31.933
2216,2019,52.090
2217,2019,27.090
2220,2019,29.597
2221,2019,31.507
2225,2019,26.313
2226,2019,27.274
2228,2019,34.655
2230,2019,36.868
2233,2019,29.617
2234,2019,32.793
2235,2019,30.630
2236,2019,29.052
2250,2019,32.229
2254,2019,26.574
2257,2019,33.891
2258,2019,33.819
2259,2019,30.655
2260,2019,37.432
2261,2019,95.421
2262,2019,30.623
2265,2019,29.915
2266,2019,38.063
2271,2019,44.975
2272,2019,24.663
2274,2019,53.119
2275,2019,34.372
2276,2019,33.652
2278,2019,30.865
2284,2019,43.197
2291,2019,29.141
2292,2019,31.123
2293,2019,32.921
2294,2019,27.709
2295,2019,32.588
2296,2019,28.814
2299,2019,26.709
2300,2019,29.392
2301,2019,32.392
2302,2019,29.776
2303,2019,26.159
2304,2019,28.587
2305,2019,32.606
2306,2019,31.438
2307,2019,29.444
2308,2019,33.952
2309,2019,28.115
2321,2019,34.623
2323,2019,28.167
2325,2019,32.334
2328,2019,32.033
2333,2019,33.115
2335,2019,27.645
2336,2019,27.730
2337,2019,25.963
2338,2019,24.474
2401,2019,30.475
2402,2019,34.063
2403,2019,32.809
2404,2019,32.089
2405,2019,31.441
2406,2019,31.302
2407,2019,29.708
2408,2019,32.417
2421,2019,29.472
2422,2019,27.090
2423,2019,23.529
2424,2019,26.268
2425,2019,29.516
2426,2019,26.438
2427,2019,29.222
2428,2019,28.388
2429,2019,26.300
2445,2019,33.407
2455,2019,38.811
2456,2019,35.888
2457,2019,33.010
2461,2019,34.886
2463,2019,42.766
2464,2019,35.717
2465,2019,35.658
2471,2019,36.594
2472,2019,36.320
2473,2019,43.408
2474,2019,39.327
2475,2019,48.319
2476,2019,45.282
2477,2019,40.176
2478,2019,38.822
2479,2019,41.428
2480,2019,37.538
2481,2019,45.107
2491,2019,32.145
2492,2019,27.951
2493,2019,37.019
2495,2019,30.629
2497,2019,28.502
2498,2019,27.819
2499,2019,35.100
2500,2019,24.212
2501,2019,31.510
2502,2019,33.379
2503,2019,31.476
2511,2019,37.783
2513,2019,29.794
2514,2019,30.224
2516,2019,32.392
2517,2019,28.251
2518,2019,33.604
2519,2019,24.059
2520,2019,35.017
2523,2019,34.929
2524,2019,33.885
2525,2019,34.907
2526,2019,42.210
2527,2019,31.399
2528,2019,31.959
2529,2019,32.632
2530,2019,32.513
2532,2019,31.864
2534,2019,25.911
2535,2019,31.973
2541,2019,37.512
2542,2019,30.231
2543,2019,37.867
2544,2019,77.015
2545,2019,31.995
2546,2019,28.050
2547,2019,38.435
2548,2019,30.575
2549,2019,61.303
2550,2019,34.575
2551,2019,35.069
2553,2019,41.007
2554,2019,38.216
2555,2019,36.741
2556,2019,31.288
2571,2019,31.350
2572,2019,32.041
2573,2019,25.448
2574,2019,29.576
2575,2019,31.569
2576,2019,30.429
2578,2019,33.957
2579,2019,32.939
2580,2019,33.901
2581,2019,34.486
2582,2019,40.061
2583,2019,26.540
2584,2019,40.783
2585,2019,30.988
2586,2019,32.644
2601,2019,39.642
2611,2019,29.160
2612,2019,23.369
2613,2019,30.627
2614,2019,35.479
2615,2019,28.985
2616,2019,30.747
2617,2019,26.794
2618,2019,39.243
2619,2019,27.604
2620,2019,29.802
2621,2019,33.589
2622,2019,24.937
2701,2019,40.282
2702,2019,84.201
2703,2019,51.926
2761,2019,37.828
2762,2019,39.582
2763,2019,53.454
2764,2019,52.730
2765,2019,57.243
2766,2019,31.132
2767,2019,65.332
2768,2019,39.813
2769,2019,37.143
2770,2019,39.288
2771,2019,49.183
2772,2019,57.162
2773,2019,41.531
2774,2019,47.604
2775,2019,45.040
2781,2019,40.661
2782,2019,30.052
2783,2019,43.184
2784,2019,30.757
2785,2019,36.836
2786,2019,29.647
2787,2019,31.532
2788,2019,32.045
2789,2019,34.812
2790,2019,26.870
2791,2019,37.175
2792,2019,31.034
2793,2019,29.922
2821,2019,40.255
2822,2019,39.236
2823,2019,34.640
2824,2019,32.367
2825,2019,37.401
2826,2019,34.890
2827,2019,42.259
2828,2019,31.252
2829,2019,33.817
2830,2019,38.247
2831,2019,29.278
2832,2019,46.447
2833,2019,47.417
2834,2019,31.098
2841,2019,29.873
2842,2019,37.422
2843,2019,31.353
2844,2019,31.439
2845,2019,31.641
2846,2019,32.048
2847,2019,36.585
2848,2019,34.100
2849,2019,32.817
2850,2019,35.827
2851,2019,29.091
2852,2019,30.758
2853,2019,42.228
2854,2019,42.888
2855,2019,27.342
2856,2019,35.062
2857,2019,34.518
2858,2019,32.673
2859,2019,24.222
2860,2019,34.588
2861,2019,39.382
2862,2019,26.605
2863,2019,34.512
2864,2019,33.057
2865,2019,33.842
2866,2019,35.125
2867,2019,35.502
2868,2019,27.981
2869,2019,31.433
2881,2019,41.110
2882,2019,32.323
2883,2019,26.971
2884,2019,30.890
2885,2019,27.259
2886,2019,31.068
2887,2019,36.781
2888,2019,27.274
2889,2019,28.687
2890,2019,30.399
2891,2019,30.634
2892,2019,28.276
2893,2019,28.090
2894,2019,31.446
2895,2019,29.271
2901,2019,29.685
2903,2019,33.823
2904,2019,31.295
2914,2019,35.325
2915,2019,36.516
2917,2019,33.311
2919,2019,45.352
2920,2019,30.448
2931,2019,31.681
2932,2019,30.584
2933,2019,54.921
2936,2019,26.990
2937,2019,26.460
2938,2019,42.806
2939,2019,33.003
2951,2019,28.095
2952,2019,28.304
2953,2019,33.045
2961,2019,32.186
2962,2019,36.494
2963,2019,27.768
2964,2019,34.420
2971,2019,27.580
2972,2019,27.939
2973,2019,27.419
2974,2019,30.021
3001,2019,32.355
3002,2019,19.432
3003,2019,25.348
3004,2019,25.959
3005,2019,31.998
3006,2019,23.901
3007,2019,28.471
3021,2019,24.855
3022,2019,33.585
3023,2019,36.589
3024,2019,51.580
3025,2019,31.336
3031,2019,28.866
3032,2019,32.017
3033,2019,33.313
3034,2019,31.378
3035,2019,32.100
3036,2019,27.478
3037,2019,36.898
3038,2019,31.043
3101,2019,41.745
3102,2019,29.724
3103,2019,39.937
3104,2019,33.713
3105,2019,31.536
3111,2019,31.151
3201,2019,29.562
3202,2019,27.272
3203,2019,31.784
3204,2019,28.252
3211,2019,39.861
3212,2019,30.380
3213,2019,34.209
3214,2019,50.081
3215,2019,23.867
3216,2019,34.487
3217,2019,31.535
3218,2019,40.888
3219,2019,34.083
3231,2019,31.635
3232,2019,40.467
3233,2019,35.959
3234,2019,31.513
3235,2019,27.119
3236,2019,24.361
3237,2019,35.852
3238,2019,31.643
3251,2019,30.350
3252,2019,28.160
3253,2019,30.432
3254,2019,30.190
3255,2019,29.007
3256,2019,27.107
3271,2019,30.178
3272,2019,27.911
3273,2019,29.777
3274,2019,29.514
3275,2019,27.275
3276,2019,25.470
3291,2019,32.563
3292,2019,24.165
3293,2019,27.641
3294,2019,24.674
3295,2019,28.381
3296,2019,29.202
3297,2019,27.607
3298,2019,30.648
3311,2019,35.664
3312,2019,26.628
3313,2019,28.379
3315,2019,26.218
3316,2019,35.334
3338,2019,32.499
3339,2019,27.470
3340,2019,43.120
3341,2019,34.806
3342,2019,30.583
3352,2019,24.744
3359,2019,23.754
3360,2019,25.797
3372,2019,21.654
3374,2019,26.430
3375,2019,24.098
3378,2019,22.523
3379,2019,25.712
3392,2019,26.476
3393,2019,24.994
3394,2019,23.837
3395,2019,25.830
3401,2019,23.740
3402,2019,27.326
3405,2019,29.445
3407,2019,30.203
3408,2019,27.478
3422,2019,27.930
3423,2019,30.497
3424,2019,34.042
3426,2019,40.160
3427,2019,32.849
3441,2019,32.694
3442,2019,38.033
3443,2019,32.823
3444,2019,28.878
3506,2019,37.956
3513,2019,32.046
3514,2019,28.833
3542,2019,26.139
3543,2019,27.953
3544,2019,24.649
3551,2019,23.065
3561,2019,23.481
3572,2019,33.375
3575,2019,42.995
3581,2019,27.891
3582,2019,25.999
3603,2019,25.903
3618,2019,25.776
3619,2019,27.264
3633,2019,33.968
3637,2019,25.994
3638,2019,29.038
3640,2019,24.352
3661,2019,22.783
3662,2019,22.802
3663,2019,26.649
3668,2019,23.313
3669,2019,17.089
3670,2019,32.592
3672,2019,18.709
3673,2019,28.430
3681,2019,21.795
3695,2019,23.590
3701,2019,25.080
3703,2019,22.485
3705,2019,22.337
3707,2019,19.458
3708,2019,24.611
3711,2019,24.398
3712,2019,26.845
3713,2019,35.555
3714,2019,25.429
3721,2019,30.693
3722,2019,27.195
3723,2019,25.538
3731,2019,30.112
3732,2019,37.472
3733,2019,30.068
3734,2019,31.448
3746,2019,28.268
3752,2019,27.767
3762,2019,28.443
3764,2019,23.924
3781,2019,42.300
3782,2019,72.317
3783,2019,37.329
3784,2019,43.524
3785,2019,52.471
3786,2019,38.457
3787,2019,69.347
3788,2019,45.905
3789,2019,40.514
3790,2019,66.874
3791,2019,38.983
3792,2019,30.029
3804,2019,25.535
3805,2019,31.132
3808,2019,27.549
3810,2019,57.903
3821,2019,26.544
3822,2019,27.986
3823,2019,31.270
3831,2019,29.187
3832,2019,25.137
3834,2019,25.123
3835,2019,29.949
3837,2019,24.257
3847,2019,26.908
3851,2019,36.200
3861,2019,27.768
3862,2019,18.740
3863,2019,26.356
3871,2019,42.452
3881,2019,28.127
3882,2019,24.818
3891,2019,25.469
3901,2019,34.738
3911,2019,29.823
3921,2019,31.177
3926,2019,26.532
3932,2019,24.280
3941,2019,33.431
3945,2019,31.657
3946,2019,31.472
3947,2019,31.932
3951,2019,43.826
3952,2019,39.187
3953,2019,53.895
3954,2019,39.072
3955,2019,27.614
3961,2019,29.406
3962,2019,24.279
3972,2019,28.042
3981,2019,24.914
3982,2019,24.643
3983,2019,27.643
3985,2019,22.902
3986,2019,28.119
3987,2019,25.048
3988,2019,27.464
4001,2019,39.746
4002,2019,51.968
4003,2019,31.723
4004,2019,33.423
4005,2019,40.055
4006,2019,31.269
4007,2019,38.645
4008,2019,39.509
4009,2019,34.100
4010,2019,28.576
4012,2019,28.756
4013,2019,31.486
4021,2019,43.584
4022,2019,47.190
4023,2019,50.441
4024,2019,39.616
4026,2019,53.194
4027,2019,32.205
4028,2019,35.377
4029,2019,34.558
4030,2019,35.535
4031,2019,33.284
4032,2019,31.317
4033,2019,31.780
4034,2019,24.966
4035,2019,40.607
4037,2019,48.279
4038,2019,37.058
4039,2019,46.921
4040,2019,23.163
4041,2019,34.964
4042,2019,29.925
4044,2019,32.727
4045,2019,36.851
4046,2019,31.857
4047,2019,32.666
4048,2019,40.353
4049,2019,36.106
4061,2019,45.303
4062,2019,38.990
4063,2019,36.042
4064,2019,38.303
4065,2019,29.975
4066,2019,36.331
4067,2019,32.998
4068,2019,37.514
4071,2019,43.306
4072,2019,33.817
4073,2019,50.407
4074,2019,62.610
4075,2019,35.041
4076,2019,32.678
4077,2019,29.849
4078,2019,33.748
4079,2019,42.107
4080,2019,29.420
4081,2019,49.749
4082,2019,28.534
4083,2019,38.160
4084,2019,44.325
4091,2019,44.663
4092,2019,26.003
4093,2019,36.207
4094,2019,33.101
4095,2019,34.081
4096,2019,33.236
4097,2019,35.163
4099,2019,48.363
4100,2019,35.129
4104,2019,35.608
4105,2019,31.627
4106,2019,33.221
4107,2019,33.524
4110,2019,33.799
4111,2019,31.751
4112,2019,34.484
4114,2019,33.693
4117,2019,32.984
4120,2019,31.447
4121,2019,33.153
4122,2019,30.847
4123,2019,31.262
4124,2019,38.489
4125,2019,33.909
4131,2019,37.570
4132,2019,42.532
4133,2019,26.371
4134,2019,29.570
4135,2019,31.801
4136,2019,32.065
4137,2019,30.214
4138,2019,33.173
4139,2019,24.617
4140,2019,26.398
4141,2019,23.929
4142,2019,30.619
4143,2019,25.449
4144,2019,34.095
4145,2019,29.243
4146,2019,26.989
4147,2019,29.134
4161,2019,32.800
4163,2019,34.697
4164,2019,32.846
4165,2019,39.177
4166,2019,35.845
4167,2019,27.705
4169,2019,34.326
4170,2019,30.801
4172,2019,33.383
4173,2019,28.937
4175,2019,35.390
4176,2019,30.692
4177,2019,36.196
4179,2019,33.611
4181,2019,32.613
4182,2019,31.409
4183,2019,32.637
4184,2019,33.781
4191,2019,33.516
4192,2019,34.354
4193,2019,34.285
4194,2019,31.336
4195,2019,33.758
4196,2019,28.248
4197,2019,29.468
4198,2019,28.066
4199,2019,29.750
4200,2019,29.739
4201,2019,36.487
4202,2019,70.309
4203,2019,36.054
4204,2019,27.651
4205,2019,30.503
4206,2019,33.990
4207,2019,31.876
4208,2019,42.820
4209,2019,31.213
4210,2019,40.491
4221,2019,30.811
4222,2019,36.001
4223,2019,29.153
4224,2019,39.477
4226,2019,31.348
4227,2019,33.902
4228,2019,30.822
4229,2019,29.096
4230,2019,32.547
4231,2019,33.407
4232,2019,38.643
4233,2019,35.396
4234,2019,31.786
4235,2019,30.372
4236,2019,33.024
4237,2019,33.030
4238,2019,36.713
4239,2019,31.760
4240,2019,33.182
4251,2019,31.170
4252,2019,36.976
4253,2019,45.402
4254,2019,34.415
4255,2019,34.295
4256,2019,31.706
4257,2019,57.853
4258,2019,39.007
4259,2019,36.318
4260,2019,32.938
4261,2019,45.040
4262,2019,32.500
4263,2019,38.290
4264,2019,35.653
4271,2019,26.629
4273,2019,32.887
4274,2019,31.837
4275,2019,28.777
4276,2019,29.657
4277,2019,31.686
4279,2019,29.482
4280,2019,28.015
4281,2019,26.844
4282,2019,30.779
4283,2019,28.782
4284,2019,28.595
4285,2019,28.296
4286,2019,32.305
4287,2019,30.920
4288,2019,37.597
4289,2019,37.684
4301,2019,37.035
4302,2019,28.291
4303,2019,27.845
4304,2019,29.360
4305,2019,32.417
4306,2019,26.646
4307,2019,32.079
4308,2019,29.510
4309,2019,32.018
4310,2019,25.493
4311,2019,29.224
4312,2019,34.457
4313,2019,31.350
4314,2019,27.554
4315,2019,26.612
4316,2019,26.278
4317,2019,24.791
4318,2019,38.349
4319,2019,31.331
4320,2019,32.612
4322,2019,29.234
4323,2019,30.246
4401,2019,27.947
4406,2019,29.774
4411,2019,32.575
4416,2019,27.148
4421,2019,46.540
4426,2019,35.830
4431,2019,37.428
4436,2019,29.157
4441,2019,25.776
4446,2019,26.721
4451,2019,41.558
4461,2019,27.579
4471,2019,27.887
4476,2019,26.173
4486,2019,29.323
4495,2019,35.248
4501,2019,28.051
4506,2019,28.249
4511,2019,28.172
4536,2019,31.882
4545,2019,29.188
4546,2019,32.337
4551,2019,33.322
4561,2019,31.678
4566,2019,35.640
4571,2019,34.765
4590,2019,29.873
4591,2019,28.756
4601,2019,42.108
4606,2019,41.053
4611,2019,29.742
4616,2019,36.500
4621,2019,56.650
4641,2019,34.930
4643,2019,53.407
4646,2019,44.091
4651,2019,45.252
4656,2019,34.175
4666,2019,30.253
4671,2019,32.603
4681,2019,30.172
4683,2019,29.688
4691,2019,37.019
4696,2019,34.267
4701,2019,31.038
4711,2019,28.941
4716,2019,37.052
4721,2019,31.279
4723,2019,33.249
4724,2019,36.134
4726,2019,30.848
4741,2019,37.513
4746,2019,31.726
4751,2019,27.047
4756,2019,26.940
4761,2019,32.367
4776,2019,29.378
4781,2019,33.053
4786,2019,33.978
4791,2019,31.557
4801,2019,40.322
4806,2019,31.256
4811,2019,36.688
4816,2019,31.412
4821,2019,35.303
4826,2019,38.162
4831,2019,31.009
4841,2019,29.490
4846,2019,33.377
4851,2019,47.588
4864,2019,36.002
4871,2019,30.954
4881,2019,33.128
4891,2019,32.671
4901,2019,29.337
4911,2019,26.002
4921,2019,27.560
4941,2019,34.753
4946,2019,33.082
4951,2019,30.020
5001,2019,28.188
5002,2019,28.347
5003,2019,20.975
5009,2019,27.122
5010,2019,29.597
5017,2019,26.426
5048,2019,25.744
5049,2019,25.538
5050,2019,27.531
5061,2019,27.729
5063,2019,66.100
5064,2019,18.429
5071,2019,37.996
5072,2019,25.796
5073,2019,22.798
5076,2019,27.947
5077,2019,24.510
5078,2019,25.693
5079,2019,25.498
5091,2019,41.452
5095,2019,27.641
5096,2019,38.238
5097,2019,37.936
5102,2019,25.633
5105,2019,25.476
5108,2019,28.181
5112,2019,21.455
5113,2019,24.792
5115,2019,28.261
5117,2019,25.056
5118,2019,35.222
5120,2019,36.871
5121,2019,43.167
5125,2019,67.646
5129,2019,22.816
5131,2019,25.318
5135,2019,27.029
5136,2019,25.712
5138,2019,29.926
5141,2019,29.394
5143,2019,35.406
5144,2019,26.701
5146,2019,30.237
5148,2019,32.026
5149,2019,27.996
5151,2019,38.737
5154,2019,46.041
5160,2019,40.146
5161,2019,37.605
5162,2019,31.062
5167,2019,36.849
5171,2019,26.212
5176,2019,56.131
5178,2019,29.932
5180,2019,49.619
5181,2019,26.506
5186,2019,28.875
5187,2019,35.957
5189,2019,24.185
5192,2019,38.523
5193,2019,36.506
5194,2019,35.740
5195,2019,43.813
5196,2019,34.779
5197,2019,33.119
5198,2019,37.772
5199,2019,34.782
5200,2019,22.454
5202,2019,26.310
5203,2019,84.319
5205,2019,43.462
5206,2019,40.863
5207,2019,27.481
5208,2019,46.224
5210,2019,44.773
5212,2019,34.672
5213,2019,29.265
5214,2019,62.753
5216,2019,32.496
5219,2019,35.583
5221,2019,41.860
5222,2019,28.626
5225,2019,47.065
5226,2019,30.373
5227,2019,26.853
5230,2019,46.839
5231,2019,33.628
5233,2019,70.920
5236,2019,66.168
5237,2019,30.257
5238,2019,26.257
5242,2019,27.550
5249,2019,39.723
5250,2019,24.608
5251,2019,31.926
5254,2019,33.786
5257,2019,29.456
5260,2019,33.962
5263,2019,31.931
5266,2019,27.149
5268,2019,34.710
5269,2019,32.824
5281,2019,23.106
5287,2019,23.398
5304,2019,23.702
5307,2019,21.049
5309,2019,24.976
5310,2019,23.864
5315,2019,44.355
5317,2019,24.984
5323,2019,27.338
5324,2019,24.263
5396,2019,31.672
5397,2019,26.676
5398,2019,28.040
5401,2019,21.870
5402,2019,21.654
5403,2019,25.846
5404,2019,28.446
5405,2019,35.989
5406,2019,24.979
5407,2019,18.681
5408,2019,28.965
5409,2019,36.077
5410,2019,26.505
5411,2019,33.068
5412,2019,23.250
5413,2019,21.657
5414,2019,24.187
5415,2019,32.144
5421,2019,38.136
5422,2019,44.861
5423,2019,30.523
5424,2019,30.037
5425,2019,24.285
5426,2019,77.488
5427,2019,66.075
5428,2019,29.149
5429,2019,36.372
5430,2019,33.286
5431,2019,33.881
5432,2019,31.207
5434,2019,38.306
5435,2019,39.988
5436,2019,38.004
5437,2019,30.523
5451,2019,23.326
5456,2019,35.692
5458,2019,36.645
5464,2019,34.541
5471,2019,34.631
5472,2019,37.919
5473,2019,37.582
5474,2019,34.571
5475,2019,28.511
5476,2019,37.718
5477,2019,32.109
5478,2019,35.506
5479,2019,37.939
5480,2019,37.652
5481,2019,35.763
5482,2019,33.025
5483,2019,35.826
5484,2019,36.329
5485,2019,43.840
5486,2019,30.665
5487,2019,35.156
5488,2019,32.158
5489,2019,51.591
5490,2019,30.642
5491,2019,32.650
5492,2019,114.127
5493,2019,30.055
5494,2019,35.403
5495,2019,29.458
5496,2019,34.326
5497,2019,23.336
5498,2019,29.425
5499,2019,40.769
5500,2019,36.224
5501,2019,38.736
5503,2019,45.404
5511,2019,38.178
5512,2019,29.915
5513,2019,36.719
5514,2019,34.605
5515,2019,37.097
5516,2019,37.309
5518,2019,30.300
5520,2019,33.837
5521,2019,36.892
5522,2019,31.668
5523,2019,35.124
5527,2019,36.057
5529,2019,36.920
5530,2019,34.090
5531,2019,35.715
5533,2019,32.628
5534,2019,30.057
5535,2019,32.512
5537,2019,33.230
5539,2019,29.545
5540,2019,35.147
5541,2019,33.369
5551,2019,39.282
5552,2019,31.233
5553,2019,32.777
5554,2019,30.094
5555,2019,30.321
5556,2019,32.733
5557,2019,31.188
5559,2019,42.316
5560,2019,35.134
5561,2019,34.977
5562,2019,29.873
5563,2019,32.526
5564,2019,30.041
5565,2019,33.819
5566,2019,25.291
5568,2019,23.106
5571,2019,30.586
5581,2019,49.705
5582,2019,35.215
5583,2019,26.353
5584,2019,41.221
5585,2019,80.285
5586,2019,30.002
5587,2019,41.110
5588,2019,64.414
5589,2019,26.326
5590,2019,54.787
5591,2019,21.303
5592,2019,31.111
5601,2019,39.559
5604,2019,34.009
5606,2019,60.507
5607,2019,30.740
5609,2019,39.503
5610,2019,44.911
5611,2019,38.624
5613,2019,52.816
5621,2019,36.112
5622,2019,49.694
5623,2019,80.998
5624,2019,29.519
5625,2019,44.708
5627,2019,19.973
5628,2019,54.583
5629,2019,42.324
5631,2019,51.523
5632,2019,38.023
5633,2019,42.174
5634,2019,45.530
5635,2019,26.576
5636,2019,37.608
5637,2019,38.638
5638,2019,44.620
5639,2019,52.078
5640,2019,76.770
5642,2019,37.017
5643,2019,41.581
5644,2019,38.290
5645,2019,47.480
5646,2019,44.675
5648,2019,52.182
5649,2019,37.491
5650,2019,448.313
5651,2019,42.028
5652,2019,42.533
5653,2019,56.070
5654,2019,38.644
5655,2019,51.915
5661,2019,34.277
5663,2019,29.796
5665,2019,29.715
5669,2019,33.897
5671,2019,28.900
5673,2019,29.299
5674,2019,30.372
5675,2019,22.080
5678,2019,18.941
5680,2019,30.278
5683,2019,28.462
5684,2019,53.894
5688,2019,38.634
5690,2019,34.202
5692,2019,32.892
5693,2019,28.792
5701,2019,59.015
5702,2019,51.892
5703,2019,44.599
5704,2019,50.850
5705,2019,47.020
5706,2019,56.440
5707,2019,46.258
5708,2019,53.823
5709,2019,60.202
5710,2019,61.799
5711,2019,59.696
5712,2019,69.064
5713,2019,71.259
5714,2019,51.254
5715,2019,49.634
5716,2019,43.252
5717,2019,63.824
5718,2019,63.416
5719,2019,60.181
5720,2019,57.607
5721,2019,35.939
5722,2019,47.007
5723,2019,62.848
5724,2019,43.157
5725,2019,53.170
5726,2019,47.836
5727,2019,36.587
5728,2019,47.590
5729,2019,65.811
5730,2019,66.383
5731,2019,43.039
5732,2019,51.023
5741,2019,35.591
5742,2019,27.005
5743,2019,31.871
5744,2019,25.705
5745,2019,29.182
5746,2019,30.825
5747,2019,31.203
5748,2019,26.843
5749,2019,28.146
5750,2019,32.343
5752,2019,28.759
5754,2019,34.194
5755,2019,27.137
5756,2019,36.489
5757,2019,26.260
5758,2019,33.610
5759,2019,28.903
5760,2019,31.079
5761,2019,27.810
5762,2019,32.052
5763,2019,33.685
5764,2019,23.193
5765,2019,26.095
5766,2019,28.645
5785,2019,37.191
5788,2019,36.691
5790,2019,30.650
5792,2019,31.676
5798,2019,29.324
5799,2019,36.033
5803,2019,32.391
5804,2019,32.163
5805,2019,26.476
5806,2019,32.547
5812,2019,23.570
5813,2019,31.618
5816,2019,24.765
5817,2019,27.854
5819,2019,26.168
5821,2019,26.214
5822,2019,21.862
5827,2019,26.658
5828,2019,24.494
5830,2019,27.118
5831,2019,25.602
5841,2019,25.970
5842,2019,24.176
5843,2019,62.798
5851,2019,45.211
5852,2019,56.790
5853,2019,45.411
5854,2019,30.671
5855,2019,84.387
5856,2019,45.841
5857,2019,50.943
5858,2019,51.871
5859,2019,45.510
5860,2019,54.862
5861,2019,40.785
5862,2019,41.131
5863,2019,45.516
5871,2019,31.448
5872,2019,29.875
5873,2019,30.381
5881,2019,49.415
5882,2019,47.944
5883,2019,58.207
5884,2019,32.555
5885,2019,51.179
5886,2019,31.427
5888,2019,51.437
5889,2019,41.478
5890,2019,27.833
5891,2019,34.661
5902,2019,31.898
5903,2019,32.655
5904,2019,42.874
5905,2019,30.902
5907,2019,33.321
5908,2019,31.555
5909,2019,50.398
5910,2019,31.469
5911,2019,33.915
5912,2019,25.083
5913,2019,30.043
5914,2019,29.561
5919,2019,29.126
5921,2019,24.752
5922,2019,33.750
5923,2019,24.670
5924,2019,31.728
5925,2019,29.912
5926,2019,34.446
5928,2019,30.839
5929,2019,30.811
5930,2019,30.640
5931,2019,30.388
5932,2019,36.359
5933,2019,34.252
5934,2019,35.529
5935,2019,53.866
5937,2019,25.593
5938,2019,23.570
5939,2019,28.462
6002,2019,30.949
6004,2019,28.535
6007,2019,28.793
6008,2019,29.683
6009,2019,30.558
6010,2019,29.706
6011,2019,40.816
6021,2019,23.202
6022,2019,26.687
6023,2019,25.372
6024,2019,30.163
6025,2019,25.330
6031,2019,54.742
6032,2019,28.702
6033,2019,23.368
6034,2019,26.805
6035,2019,23.232
6036,2019,25.167
6052,2019,28.760
6054,2019,22.455
6056,2019,28.269
6057,2019,28.646
6058,2019,22.260
6061,2019,24.538
6076,2019,23.644
6077,2019,25.788
6082,2019,29.654
6083,2019,28.733
6084,2019,34.981
6087,2019,25.809
6089,2019,30.498
6090,2019,33.189
6101,2019,27.090
6102,2019,26.308
6104,2019,26.929
6109,2019,24.774
6110,2019,25.106
6111,2019,24.451
6112,2019,20.883
6113,2019,29.698
6116,2019,24.960
6117,2019,24.951
6118,2019,26.795
6119,2019,23.921
6131,2019,22.718
6132,2019,22.807
6133,2019,26.548
6134,2019,27.810
6135,2019,28.548
6136,2019,27.086
6137,2019,30.358
6139,2019,25.876
6140,2019,26.915
6141,2019,22.340
6142,2019,25.804
6151,2019,40.521
6152,2019,26.611
6153,2019,27.229
6154,2019,26.775
6155,2019,28.047
6156,2019,30.807
6157,2019,27.707
6158,2019,30.044
6159,2019,26.202
6172,2019,34.030
6173,2019,27.494
6177,2019,19.740
6181,2019,26.660
6191,2019,27.246
6192,2019,28.608
6193,2019,25.972
6194,2019,26.416
6195,2019,25.079
6197,2019,27.173
6198,2019,28.430
6199,2019,29.474
6201,2019,30.349
6202,2019,26.166
6203,2019,23.939
6204,2019,27.130
6205,2019,35.365
6211,2019,25.226
6212,2019,23.309
6213,2019,24.927
6214,2019,28.058
6215,2019,26.573
6217,2019,21.938
6218,2019,28.364
6219,2019,22.940
6220,2019,26.850
6232,2019,26.942
6235,2019,21.019
6238,2019,23.602
6239,2019,39.325
6240,2019,48.785
6241,2019,28.255
6246,2019,27.523
6248,2019,25.056
6249,2019,37.341
6250,2019,29.898
6252,2019,33.457
6253,2019,37.712
6261,2019,31.155
6263,2019,31.546
6265,2019,32.599
6266,2019,28.835
6267,2019,33.094
6281,2019,27.399
6282,2019,23.621
6283,2019,23.459
6285,2019,24.662
6286,2019,30.579
6287,2019,22.592
6288,2019,23.571
6289,2019,26.367
6290,2019,29.528
6291,2019,24.777
6292,2019,23.906
6293,2019,28.916
6294,2019,28.285
6295,2019,20.334
6296,2019,28.132
6297,2019,29.792
6298,2019,29.080
6299,2019,28.152
6300,2019,35.053
6404,2019,28.725
6407,2019,36.592
6408,2019,32.481
6412,2019,26.583
6413,2019,33.079
6416,2019,37.573
6417,2019,37.245
6421,2019,25.095
6422,2019,28.371
6423,2019,26.416
6431,2019,38.839
6432,2019,27.126
6433,2019,34.162
6434,2019,27.663
6435,2019,24.780
6436,2019,23.651
6437,2019,24.730
6451,2019,27.677
6452,2019,27.258
6453,2019,33.721
6454,2019,34.071
6455,2019,56.880
6456,2019,28.193
6458,2019,29.840
6459,2019,40.853
6461,2019,29.740
6485,2019,23.351
6487,2019,29.639
6504,2019,20.617
6511,2019,24.012
6512,2019,24.534
6601,2019,46.457
6602,2019,123.276
6603,2019,35.223
6604,2019,51.730
6605,2019,44.646
6606,2019,36.597
6607,2019,42.108
6608,2019,34.699
6609,2019,52.290
6610,2019,73.271
6611,2019,31.648
6612,2019,62.848
6613,2019,32.154
6614,2019,71.716
6615,2019,41.864
6616,2019,77.993
6617,2019,178.750
6618,2019,46.313
6619,2019,69.932
6620,2019,32.124
6621,2019,34.919
6622,2019,85.655
6623,2019,27.801
6624,2019,61.864
6625,2019,58.474
6626,2019,71.114
6627,2019,62.455
6628,2019,30.866
6629,2019,47.403
6630,2019,24.274
6631,2019,29.913
6632,2019,38.740
6633,2019,41.455
6634,2019,56.965
6635,2019,59.843
6636,2019,41.465
6637,2019,88.839
6638,2019,36.025
6639,2019,50.219
6640,2019,37.501
6641,2019,62.688
6642,2019,105.717
6643,2019,23.385
6644,2019,32.077
6645,2019,55.606
6702,2019,26.996
6703,2019,26.254
6704,2019,28.972
6706,2019,24.106
6708,2019,24.497
6709,2019,29.002
6710,2019,28.401
6711,2019,27.546
6712,2019,27.064
6713,2019,21.409
6715,2019,24.144
6716,2019,26.478
6718,2019,25.307
6719,2019,24.158
6721,2019,32.950
6722,2019,24.488
6724,2019,28.961
6729,2019,24.751
6730,2019,25.655
6741,2019,26.845
6742,2019,31.724
6743,2019,27.069
6744,2019,20.288
6745,2019,24.527
6748,2019,29.005
6750,2019,26.373
6751,2019,25.864
6753,2019,32.137
6754,2019,29.191
6757,2019,26.731
6758,2019,25.186
6759,2019,25.915
6771,2019,25.414
6773,2019,30.422
6774,2019,31.636
6775,2019,26.208
6778,2019,29.301
6781,2019,25.283
6782,2019,25.305
6783,2019,55.055
6784,2019,26.382
6785,2019,28.086
6787,2019,27.212
6789,2019,25.472
6790,2019,27.111
6792,2019,22.894
6793,2019,23.288
6800,2019,30.247
6806,2019,25.260
6807,2019,22.646
6808,2019,23.594
6809,2019,25.734
6810,2019,23.252
