geo,year,voting_gps
che,2019,13.2
1,2019,15.1
2,2019,12.6
3,2019,12.4
4,2019,16.7
5,2019,12.3
6,2019,10.2
7,2019,11.3
8,2019,10.0
9,2019,11.8
10,2019,8.5
11,2019,10.7
12,2019,21.6
13,2019,10.6
14,2019,9.3
21,2019,6.8
22,2019,12.1
23,2019,8.1
24,2019,6.4
25,2019,17.1
26,2019,3.9
27,2019,11.9
28,2019,9.1
29,2019,15.3
30,2019,11.9
31,2019,10.0
32,2019,4.6
33,2019,10.6
34,2019,10.0
35,2019,11.2
37,2019,9.8
38,2019,12.8
39,2019,9.3
40,2019,10.5
41,2019,10.0
43,2019,8.5
51,2019,9.2
52,2019,9.0
53,2019,12.9
54,2019,8.6
55,2019,11.2
56,2019,7.8
57,2019,10.8
58,2019,10.2
59,2019,7.1
60,2019,7.0
61,2019,11.9
62,2019,8.8
63,2019,7.5
64,2019,6.1
65,2019,8.7
66,2019,7.7
67,2019,11.0
68,2019,10.8
69,2019,10.1
70,2019,10.7
71,2019,10.2
72,2019,6.6
81,2019,14.5
82,2019,10.2
83,2019,8.1
84,2019,8.4
85,2019,7.7
86,2019,11.5
87,2019,6.5
88,2019,6.2
89,2019,5.7
90,2019,8.2
91,2019,14.5
92,2019,7.0
93,2019,8.6
94,2019,8.7
95,2019,12.4
96,2019,8.8
97,2019,6.3
98,2019,13.6
99,2019,9.6
100,2019,10.2
101,2019,10.5
102,2019,4.8
111,2019,10.0
112,2019,12.4
113,2019,11.4
114,2019,9.4
115,2019,10.2
116,2019,11.5
117,2019,10.8
118,2019,12.6
119,2019,15.9
120,2019,14.4
121,2019,14.8
131,2019,11.1
135,2019,11.8
136,2019,8.9
137,2019,11.6
138,2019,12.6
139,2019,11.1
141,2019,11.2
151,2019,10.6
152,2019,7.8
153,2019,13.0
154,2019,9.0
155,2019,14.0
156,2019,10.3
157,2019,8.7
158,2019,12.2
159,2019,11.0
160,2019,8.0
161,2019,9.6
172,2019,12.0
173,2019,11.9
176,2019,7.5
177,2019,13.8
178,2019,8.6
180,2019,9.3
181,2019,10.6
182,2019,10.5
191,2019,10.2
192,2019,12.0
193,2019,12.9
194,2019,13.6
195,2019,9.4
196,2019,11.8
197,2019,12.1
198,2019,16.5
199,2019,7.5
200,2019,8.4
211,2019,5.6
213,2019,8.8
214,2019,12.9
215,2019,11.0
216,2019,10.6
218,2019,8.6
219,2019,12.5
220,2019,6.9
221,2019,11.4
223,2019,10.6
224,2019,11.3
225,2019,12.6
226,2019,15.9
227,2019,7.6
228,2019,9.3
230,2019,17.8
231,2019,11.7
241,2019,7.5
242,2019,11.8
243,2019,10.6
244,2019,5.4
245,2019,9.5
246,2019,6.2
247,2019,11.1
248,2019,8.2
249,2019,6.7
250,2019,9.4
251,2019,8.4
261,2019,20.4
292,2019,10.3
293,2019,13.0
294,2019,10.3
295,2019,11.2
296,2019,10.8
297,2019,9.5
298,2019,8.1
301,2019,10.3
302,2019,9.8
303,2019,11.7
304,2019,9.0
305,2019,7.7
306,2019,10.7
307,2019,13.7
309,2019,11.3
310,2019,9.4
311,2019,12.8
312,2019,9.1
321,2019,9.0
322,2019,9.2
323,2019,6.4
324,2019,5.6
325,2019,5.8
326,2019,4.2
329,2019,12.0
331,2019,8.9
332,2019,11.1
333,2019,8.0
335,2019,1.2
336,2019,7.6
337,2019,8.0
338,2019,8.6
339,2019,2.1
340,2019,11.1
341,2019,4.9
342,2019,6.5
344,2019,7.5
345,2019,4.8
351,2019,25.2
352,2019,13.7
353,2019,18.2
354,2019,16.0
355,2019,18.3
356,2019,14.0
357,2019,8.6
358,2019,10.8
359,2019,12.1
360,2019,16.1
361,2019,13.8
362,2019,12.9
363,2019,14.2
371,2019,24.1
372,2019,24.2
381,2019,7.8
382,2019,9.2
383,2019,9.4
385,2019,8.6
386,2019,12.6
387,2019,10.0
388,2019,6.6
390,2019,7.9
391,2019,7.6
392,2019,8.5
393,2019,7.8
394,2019,11.2
401,2019,5.4
402,2019,6.2
403,2019,9.7
404,2019,15.7
405,2019,7.5
406,2019,7.6
407,2019,7.7
409,2019,9.9
410,2019,5.1
411,2019,10.9
412,2019,8.2
413,2019,9.0
414,2019,8.1
415,2019,8.0
418,2019,7.3
420,2019,9.9
421,2019,5.9
423,2019,5.5
424,2019,6.7
431,2019,17.3
432,2019,16.0
433,2019,14.7
434,2019,21.3
435,2019,20.0
437,2019,2.3
438,2019,19.9
441,2019,20.1
442,2019,14.0
443,2019,17.3
444,2019,13.1
445,2019,16.7
446,2019,13.6
448,2019,20.6
449,2019,18.9
450,2019,11.9
491,2019,12.7
492,2019,19.0
493,2019,7.0
494,2019,13.8
495,2019,11.7
496,2019,15.0
497,2019,7.7
498,2019,7.4
499,2019,6.2
500,2019,6.4
501,2019,19.8
502,2019,15.7
533,2019,11.0
536,2019,12.5
538,2019,11.8
540,2019,11.3
541,2019,6.8
543,2019,12.2
544,2019,10.6
546,2019,12.3
551,2019,9.8
552,2019,10.4
553,2019,8.4
554,2019,6.4
556,2019,7.7
557,2019,12.2
561,2019,2.8
562,2019,7.8
563,2019,3.9
564,2019,3.9
565,2019,5.2
566,2019,9.5
567,2019,4.4
571,2019,10.9
572,2019,9.9
573,2019,11.8
574,2019,8.8
575,2019,8.4
576,2019,5.3
577,2019,16.7
578,2019,5.7
579,2019,2.9
580,2019,5.3
581,2019,10.6
582,2019,2.9
584,2019,6.1
585,2019,8.9
586,2019,0.5
587,2019,11.3
588,2019,16.6
589,2019,12.3
590,2019,10.1
591,2019,7.2
592,2019,8.1
593,2019,10.9
594,2019,10.2
602,2019,6.7
603,2019,6.9
605,2019,7.5
606,2019,8.6
607,2019,11.3
608,2019,10.0
609,2019,8.3
610,2019,6.4
611,2019,8.7
612,2019,9.5
613,2019,6.2
614,2019,5.3
615,2019,4.3
616,2019,15.9
617,2019,9.0
619,2019,10.6
620,2019,7.2
622,2019,12.1
623,2019,11.9
626,2019,8.4
627,2019,12.7
628,2019,8.5
629,2019,5.9
630,2019,9.4
632,2019,10.2
662,2019,9.0
663,2019,10.8
665,2019,11.3
666,2019,9.2
667,2019,12.4
668,2019,6.8
669,2019,10.0
670,2019,9.7
671,2019,7.9
681,2019,11.9
683,2019,6.6
687,2019,14.7
690,2019,8.6
691,2019,9.2
692,2019,12.0
694,2019,13.2
696,2019,13.8
700,2019,12.2
701,2019,9.8
703,2019,10.0
704,2019,6.0
706,2019,11.6
707,2019,10.4
708,2019,30.9
709,2019,5.3
711,2019,11.3
713,2019,14.4
715,2019,8.5
716,2019,13.0
717,2019,9.3
723,2019,25.5
724,2019,19.1
726,2019,26.5
731,2019,8.7
732,2019,8.0
733,2019,16.5
734,2019,7.5
735,2019,7.2
736,2019,13.6
737,2019,7.8
738,2019,10.8
739,2019,12.0
740,2019,16.6
741,2019,14.3
742,2019,9.4
743,2019,19.3
744,2019,8.6
745,2019,11.8
746,2019,8.1
747,2019,8.8
748,2019,6.3
749,2019,8.0
750,2019,15.0
751,2019,12.4
754,2019,8.7
755,2019,8.1
756,2019,16.6
761,2019,3.4
762,2019,3.7
763,2019,7.8
766,2019,2.8
767,2019,6.8
768,2019,11.6
769,2019,7.5
770,2019,6.7
782,2019,7.0
783,2019,11.0
784,2019,6.7
785,2019,9.4
786,2019,6.8
791,2019,3.7
792,2019,4.9
793,2019,3.9
794,2019,5.9
841,2019,3.2
842,2019,2.5
843,2019,4.6
852,2019,8.1
853,2019,7.5
855,2019,11.4
861,2019,9.0
863,2019,7.9
866,2019,11.4
867,2019,11.4
868,2019,8.2
869,2019,15.1
870,2019,13.1
872,2019,8.4
879,2019,8.2
880,2019,6.8
883,2019,7.5
884,2019,9.0
885,2019,10.1
886,2019,8.9
888,2019,11.7
889,2019,14.7
901,2019,3.7
902,2019,14.0
903,2019,7.7
904,2019,2.2
905,2019,5.7
906,2019,3.1
907,2019,5.4
908,2019,8.8
909,2019,11.7
921,2019,10.8
922,2019,6.3
923,2019,5.7
924,2019,3.2
925,2019,8.5
927,2019,11.0
928,2019,7.5
929,2019,14.9
931,2019,5.0
932,2019,2.5
934,2019,13.5
935,2019,4.3
936,2019,2.3
938,2019,8.6
939,2019,11.3
940,2019,2.7
941,2019,7.1
942,2019,15.1
943,2019,5.8
944,2019,8.8
945,2019,5.4
946,2019,1.3
947,2019,13.4
948,2019,8.7
951,2019,4.2
952,2019,4.8
953,2019,5.9
954,2019,7.4
955,2019,7.3
956,2019,7.1
957,2019,7.7
958,2019,8.0
959,2019,5.2
960,2019,3.4
971,2019,9.2
972,2019,0.6
973,2019,9.9
975,2019,4.6
976,2019,10.2
977,2019,6.8
979,2019,10.9
980,2019,5.2
981,2019,7.5
982,2019,9.4
983,2019,7.9
985,2019,5.0
987,2019,5.1
988,2019,7.9
989,2019,3.3
990,2019,3.4
991,2019,5.8
992,2019,8.6
993,2019,8.3
995,2019,9.0
1001,2019,1.5
1002,2019,3.6
1004,2019,2.5
1005,2019,2.2
1007,2019,3.1
1008,2019,6.5
1009,2019,6.0
1010,2019,3.5
1021,2019,9.0
1023,2019,6.9
1024,2019,12.4
1025,2019,10.0
1026,2019,7.4
1030,2019,9.7
1031,2019,10.8
1032,2019,7.7
1033,2019,5.9
1037,2019,5.8
1039,2019,8.0
1040,2019,9.6
1041,2019,6.9
1051,2019,14.6
1052,2019,9.3
1053,2019,10.8
1054,2019,12.1
1055,2019,5.3
1056,2019,10.6
1057,2019,12.3
1058,2019,16.0
1059,2019,17.9
1061,2019,20.8
1062,2019,9.8
1063,2019,9.9
1064,2019,10.8
1065,2019,9.7
1066,2019,6.3
1067,2019,9.8
1068,2019,9.9
1069,2019,12.1
1081,2019,7.3
1082,2019,11.7
1083,2019,7.5
1084,2019,6.6
1085,2019,13.7
1086,2019,6.8
1088,2019,8.0
1089,2019,12.3
1091,2019,13.5
1093,2019,8.4
1094,2019,11.3
1095,2019,13.6
1097,2019,6.1
1098,2019,6.4
1099,2019,9.6
1100,2019,6.7
1102,2019,11.9
1103,2019,17.8
1104,2019,8.2
1107,2019,8.5
1121,2019,5.9
1122,2019,4.7
1123,2019,6.1
1125,2019,6.0
1127,2019,7.4
1128,2019,4.7
1129,2019,5.3
1131,2019,5.1
1132,2019,3.2
1135,2019,2.4
1136,2019,4.8
1137,2019,5.5
1139,2019,9.0
1140,2019,6.9
1142,2019,5.8
1143,2019,6.5
1145,2019,2.4
1146,2019,7.5
1147,2019,9.5
1150,2019,6.4
1151,2019,7.3
1301,2019,2.6
1311,2019,3.4
1321,2019,1.4
1322,2019,3.8
1323,2019,2.5
1331,2019,2.2
1341,2019,3.2
1342,2019,2.8
1343,2019,1.2
1344,2019,2.7
1345,2019,2.4
1346,2019,2.4
1347,2019,2.9
1348,2019,0.8
1349,2019,3.2
1361,2019,2.8
1362,2019,2.4
1363,2019,1.0
1364,2019,2.5
1365,2019,2.5
1366,2019,4.1
1367,2019,2.2
1368,2019,1.5
1369,2019,0.0
1370,2019,0.2
1371,2019,0.9
1372,2019,3.2
1373,2019,3.4
1374,2019,2.4
1375,2019,0.7
1630,2019,1.7
1631,2019,4.1
1632,2019,2.8
1701,2019,19.7
1702,2019,20.4
1703,2019,19.2
1704,2019,16.3
1705,2019,14.9
1706,2019,11.1
1707,2019,16.7
1708,2019,22.2
1709,2019,14.7
1710,2019,10.3
1711,2019,23.5
2008,2019,8.8
2011,2019,8.6
2016,2019,7.3
2022,2019,7.8
2025,2019,6.4
2027,2019,5.2
2029,2019,8.3
2035,2019,15.3
2038,2019,8.9
2041,2019,4.5
2043,2019,8.1
2044,2019,10.8
2045,2019,9.8
2050,2019,10.1
2051,2019,11.3
2053,2019,10.4
2054,2019,11.4
2055,2019,11.8
2061,2019,7.4
2063,2019,13.1
2066,2019,9.6
2067,2019,3.2
2068,2019,7.5
2072,2019,17.8
2079,2019,6.3
2086,2019,5.9
2087,2019,8.4
2089,2019,14.9
2096,2019,10.4
2097,2019,11.0
2099,2019,7.7
2102,2019,10.4
2113,2019,7.8
2114,2019,10.0
2115,2019,10.2
2117,2019,9.9
2121,2019,9.3
2122,2019,12.7
2123,2019,11.0
2124,2019,8.6
2125,2019,11.5
2128,2019,15.0
2129,2019,8.3
2130,2019,12.9
2131,2019,11.2
2134,2019,10.3
2135,2019,11.6
2137,2019,10.9
2138,2019,3.6
2140,2019,11.5
2143,2019,12.1
2145,2019,11.7
2147,2019,8.7
2148,2019,11.2
2149,2019,7.3
2152,2019,8.6
2153,2019,11.8
2155,2019,8.1
2160,2019,7.3
2162,2019,9.5
2163,2019,9.1
2173,2019,11.7
2174,2019,12.4
2175,2019,10.4
2177,2019,9.8
2183,2019,13.6
2186,2019,13.6
2194,2019,7.0
2196,2019,20.9
2197,2019,12.9
2198,2019,18.5
2200,2019,14.9
2206,2019,14.4
2208,2019,10.7
2211,2019,15.1
2216,2019,22.2
2217,2019,10.9
2220,2019,14.0
2226,2019,12.0
2228,2019,18.9
2230,2019,22.0
2233,2019,16.5
2234,2019,13.5
2235,2019,18.2
2236,2019,11.6
2237,2019,11.0
2238,2019,14.0
2250,2019,8.3
2254,2019,12.8
2257,2019,15.3
2258,2019,8.1
2259,2019,7.3
2260,2019,8.2
2261,2019,4.4
2262,2019,8.7
2265,2019,7.2
2266,2019,7.1
2271,2019,8.6
2272,2019,8.8
2274,2019,13.6
2275,2019,8.7
2276,2019,6.5
2278,2019,10.4
2284,2019,12.3
2292,2019,9.8
2293,2019,13.4
2294,2019,7.2
2295,2019,9.0
2296,2019,10.6
2299,2019,9.4
2300,2019,5.6
2301,2019,10.2
2303,2019,4.0
2304,2019,12.6
2305,2019,13.0
2306,2019,12.4
2307,2019,9.8
2308,2019,7.2
2309,2019,10.6
2321,2019,13.5
2323,2019,11.2
2325,2019,11.7
2328,2019,16.6
2333,2019,14.3
2335,2019,15.2
2336,2019,5.6
2337,2019,12.4
2338,2019,8.3
2401,2019,4.8
2402,2019,4.5
2403,2019,6.7
2404,2019,4.6
2405,2019,3.2
2406,2019,6.6
2407,2019,6.1
2408,2019,5.5
2421,2019,4.3
2422,2019,5.8
2424,2019,2.2
2425,2019,6.6
2426,2019,5.7
2427,2019,4.7
2428,2019,3.2
2430,2019,5.0
2445,2019,13.0
2455,2019,9.3
2456,2019,8.3
2457,2019,7.6
2461,2019,7.4
2463,2019,3.4
2464,2019,22.0
2465,2019,10.2
2471,2019,8.2
2472,2019,11.4
2473,2019,25.5
2474,2019,22.8
2475,2019,17.6
2476,2019,12.9
2477,2019,12.5
2478,2019,21.9
2479,2019,19.8
2480,2019,8.3
2481,2019,15.2
2491,2019,10.4
2492,2019,6.3
2493,2019,8.3
2495,2019,7.4
2497,2019,6.1
2499,2019,10.4
2500,2019,14.8
2501,2019,9.9
2502,2019,18.1
2503,2019,12.5
2511,2019,9.4
2513,2019,12.7
2514,2019,11.3
2516,2019,8.7
2517,2019,10.1
2518,2019,6.5
2519,2019,8.5
2520,2019,11.8
2523,2019,7.6
2524,2019,16.8
2525,2019,7.3
2526,2019,8.9
2527,2019,9.8
2528,2019,6.6
2529,2019,11.7
2530,2019,7.9
2532,2019,7.5
2534,2019,12.8
2535,2019,9.7
2541,2019,4.7
2542,2019,8.4
2543,2019,5.8
2544,2019,7.7
2545,2019,7.3
2546,2019,6.7
2547,2019,11.1
2548,2019,13.6
2549,2019,7.4
2550,2019,14.2
2551,2019,11.3
2553,2019,15.6
2554,2019,12.4
2555,2019,17.2
2556,2019,6.6
2571,2019,3.9
2572,2019,7.4
2573,2019,8.2
2574,2019,11.8
2575,2019,10.3
2576,2019,8.0
2578,2019,5.7
2579,2019,6.6
2580,2019,7.6
2581,2019,20.1
2582,2019,8.3
2583,2019,12.6
2584,2019,13.4
2585,2019,11.1
2586,2019,12.0
2601,2019,20.6
2611,2019,15.4
2612,2019,7.1
2613,2019,8.9
2614,2019,9.5
2615,2019,3.8
2616,2019,8.7
2617,2019,13.2
2618,2019,12.3
2619,2019,12.5
2620,2019,7.9
2621,2019,6.5
2622,2019,6.0
2701,2019,19.4
2702,2019,5.7
2703,2019,8.7
2761,2019,15.2
2762,2019,17.0
2763,2019,23.8
2764,2019,15.7
2765,2019,18.2
2766,2019,16.0
2767,2019,14.5
2768,2019,16.0
2769,2019,17.3
2770,2019,17.9
2771,2019,16.6
2772,2019,12.0
2773,2019,14.7
2774,2019,17.2
2775,2019,16.4
2781,2019,16.5
2782,2019,8.0
2783,2019,15.8
2784,2019,23.8
2785,2019,16.9
2786,2019,12.3
2787,2019,14.1
2788,2019,14.0
2789,2019,11.4
2790,2019,13.0
2791,2019,10.6
2792,2019,11.1
2793,2019,8.4
2821,2019,14.0
2822,2019,18.8
2823,2019,16.8
2824,2019,12.8
2825,2019,14.3
2826,2019,13.0
2827,2019,24.3
2828,2019,15.4
2829,2019,22.6
2830,2019,23.0
2831,2019,19.2
2832,2019,26.7
2833,2019,22.5
2834,2019,20.7
2841,2019,25.0
2842,2019,19.9
2843,2019,19.6
2844,2019,17.5
2845,2019,19.2
2846,2019,22.6
2847,2019,19.9
2848,2019,23.8
2849,2019,21.2
2850,2019,14.8
2851,2019,28.5
2852,2019,21.3
2853,2019,22.9
2854,2019,23.2
2855,2019,38.4
2856,2019,23.8
2857,2019,19.6
2858,2019,27.6
2859,2019,13.6
2860,2019,22.4
2861,2019,29.5
2862,2019,19.2
2863,2019,30.2
2864,2019,17.3
2865,2019,24.4
2866,2019,21.2
2867,2019,19.7
2868,2019,23.0
2869,2019,19.8
2881,2019,15.6
2882,2019,18.9
2883,2019,14.3
2884,2019,15.8
2885,2019,16.5
2886,2019,13.8
2887,2019,16.8
2888,2019,19.5
2889,2019,18.3
2890,2019,9.6
2891,2019,14.6
2892,2019,19.1
2893,2019,17.5
2894,2019,18.8
2895,2019,18.5
2901,2019,5.4
2903,2019,4.8
2904,2019,5.1
2914,2019,6.1
2915,2019,5.3
2917,2019,7.0
2919,2019,3.4
2920,2019,5.0
2931,2019,5.9
2932,2019,6.6
2933,2019,8.8
2936,2019,8.2
2937,2019,9.3
2938,2019,6.6
2939,2019,8.0
2951,2019,4.6
2952,2019,4.2
2953,2019,5.5
2961,2019,7.5
2962,2019,8.6
2963,2019,6.0
2964,2019,6.5
2971,2019,3.0
2972,2019,2.3
2973,2019,3.3
2974,2019,2.8
3201,2019,7.6
3202,2019,6.6
3203,2019,17.4
3204,2019,8.0
3211,2019,11.1
3212,2019,13.6
3213,2019,7.4
3214,2019,9.6
3215,2019,10.8
3216,2019,7.8
3217,2019,8.8
3218,2019,7.5
3219,2019,8.7
3231,2019,8.9
3232,2019,9.0
3233,2019,8.9
3234,2019,8.3
3235,2019,9.9
3236,2019,5.5
3237,2019,7.4
3238,2019,8.7
3251,2019,9.7
3252,2019,6.7
3253,2019,14.6
3254,2019,4.5
3255,2019,8.1
3256,2019,6.0
3271,2019,9.1
3272,2019,7.3
3273,2019,9.9
3274,2019,6.8
3275,2019,7.0
3276,2019,7.5
3291,2019,9.6
3292,2019,5.7
3293,2019,5.4
3294,2019,4.2
3295,2019,6.5
3296,2019,9.7
3297,2019,6.6
3298,2019,8.2
3311,2019,10.2
3312,2019,7.4
3313,2019,7.7
3315,2019,8.0
3316,2019,14.2
3338,2019,13.5
3339,2019,13.0
3340,2019,18.0
3341,2019,10.2
3342,2019,9.1
3352,2019,9.1
3359,2019,4.8
3360,2019,7.1
3372,2019,5.9
3374,2019,13.2
3375,2019,8.2
3378,2019,9.6
3379,2019,9.9
3392,2019,8.0
3393,2019,8.7
3394,2019,5.6
3395,2019,5.7
3401,2019,11.3
3402,2019,11.5
3405,2019,6.4
3407,2019,11.2
3408,2019,8.9
3422,2019,3.6
3423,2019,6.9
3424,2019,6.7
3426,2019,7.9
3427,2019,12.1
3441,2019,6.2
3442,2019,7.6
3443,2019,7.2
3444,2019,5.4
3506,2019,4.0
3513,2019,2.6
3514,2019,2.0
3542,2019,3.7
3543,2019,6.3
3544,2019,5.5
3551,2019,0.4
3561,2019,2.3
3572,2019,1.9
3575,2019,4.4
3581,2019,8.9
3582,2019,3.4
3603,2019,4.2
3618,2019,4.5
3619,2019,4.2
3633,2019,5.0
3637,2019,6.9
3638,2019,8.5
3640,2019,3.6
3661,2019,6.9
3662,2019,5.8
3663,2019,5.2
3668,2019,6.9
3669,2019,10.8
3670,2019,4.8
3672,2019,7.4
3673,2019,8.6
3681,2019,1.3
3695,2019,3.1
3701,2019,5.4
3711,2019,0.0
3712,2019,2.2
3713,2019,0.8
3714,2019,3.5
3715,2019,6.6
3721,2019,5.7
3722,2019,3.7
3723,2019,5.9
3731,2019,4.8
3732,2019,8.0
3733,2019,6.3
3734,2019,8.3
3746,2019,8.1
3752,2019,1.2
3762,2019,11.5
3764,2019,9.2
3781,2019,5.3
3782,2019,4.5
3783,2019,9.1
3784,2019,5.0
3785,2019,6.1
3786,2019,6.8
3787,2019,4.6
3788,2019,3.5
3789,2019,3.8
3790,2019,3.5
3791,2019,6.8
3792,2019,4.3
3804,2019,0.9
3805,2019,12.2
3808,2019,6.0
3810,2019,10.0
3821,2019,4.3
3822,2019,6.4
3823,2019,3.2
3831,2019,0.5
3832,2019,5.5
3834,2019,4.7
3835,2019,4.8
3837,2019,8.1
3847,2019,5.1
3851,2019,4.5
3861,2019,5.0
3862,2019,1.1
3863,2019,3.9
3871,2019,5.6
3881,2019,4.7
3882,2019,4.7
3891,2019,4.9
3901,2019,6.4
3911,2019,6.7
3921,2019,6.6
3932,2019,8.5
3945,2019,3.2
3946,2019,4.8
3947,2019,4.8
3951,2019,6.5
3952,2019,5.0
3953,2019,5.9
3954,2019,7.5
3955,2019,5.3
3961,2019,5.9
3962,2019,4.9
3972,2019,6.3
3981,2019,3.7
3982,2019,4.0
3983,2019,5.5
3985,2019,3.4
3986,2019,3.0
3987,2019,4.7
3988,2019,2.8
4001,2019,14.7
4002,2019,12.6
4003,2019,9.8
4004,2019,8.9
4005,2019,8.7
4006,2019,8.5
4007,2019,6.8
4008,2019,12.3
4009,2019,5.2
4010,2019,8.3
4012,2019,12.8
4013,2019,8.8
4021,2019,15.4
4022,2019,7.6
4023,2019,7.5
4024,2019,8.5
4026,2019,14.5
4027,2019,7.0
4028,2019,13.9
4029,2019,10.5
4030,2019,9.6
4031,2019,8.7
4032,2019,5.9
4033,2019,8.3
4034,2019,7.2
4035,2019,7.5
4037,2019,7.0
4038,2019,11.4
4039,2019,6.8
4040,2019,7.5
4041,2019,7.1
4042,2019,15.6
4044,2019,12.6
4045,2019,10.8
4046,2019,9.6
4047,2019,6.4
4048,2019,7.6
4049,2019,9.6
4061,2019,11.7
4062,2019,8.6
4063,2019,11.2
4064,2019,5.4
4065,2019,5.8
4066,2019,11.3
4067,2019,6.9
4068,2019,8.5
4071,2019,11.6
4072,2019,5.4
4073,2019,9.8
4074,2019,7.2
4075,2019,9.0
4076,2019,6.4
4077,2019,5.8
4078,2019,5.2
4079,2019,9.9
4080,2019,5.6
4081,2019,8.2
4082,2019,8.4
4083,2019,8.6
4084,2019,10.2
4091,2019,7.9
4092,2019,5.4
4093,2019,7.0
4094,2019,4.3
4095,2019,14.4
4096,2019,8.7
4097,2019,15.3
4099,2019,12.5
4100,2019,6.1
4104,2019,8.8
4105,2019,7.6
4106,2019,7.9
4107,2019,10.2
4110,2019,7.7
4111,2019,9.7
4112,2019,7.7
4117,2019,9.3
4120,2019,9.4
4121,2019,9.4
4122,2019,9.9
4123,2019,15.3
4124,2019,9.6
4125,2019,13.9
4131,2019,13.2
4132,2019,9.3
4133,2019,8.4
4134,2019,4.7
4135,2019,6.6
4136,2019,2.9
4137,2019,5.4
4138,2019,6.9
4139,2019,6.8
4140,2019,5.7
4141,2019,8.2
4142,2019,6.6
4143,2019,9.0
4144,2019,7.6
4145,2019,6.7
4146,2019,8.4
4147,2019,6.6
4161,2019,8.8
4163,2019,9.3
4164,2019,7.3
4165,2019,11.3
4166,2019,10.2
4167,2019,4.7
4169,2019,7.8
4170,2019,8.0
4172,2019,8.4
4173,2019,13.7
4175,2019,8.7
4176,2019,3.3
4177,2019,6.9
4179,2019,8.6
4181,2019,11.6
4182,2019,9.6
4183,2019,10.6
4184,2019,6.8
4191,2019,11.1
4192,2019,11.0
4193,2019,7.4
4194,2019,9.1
4195,2019,8.6
4196,2019,7.2
4197,2019,7.2
4198,2019,8.5
4199,2019,6.5
4200,2019,5.8
4201,2019,12.0
4202,2019,7.9
4203,2019,7.3
4204,2019,10.7
4205,2019,7.7
4206,2019,7.3
4207,2019,10.5
4208,2019,8.2
4209,2019,10.6
4210,2019,11.3
4221,2019,6.2
4222,2019,7.8
4223,2019,6.6
4224,2019,6.6
4226,2019,6.8
4227,2019,3.0
4228,2019,6.3
4229,2019,11.5
4230,2019,11.5
4231,2019,4.2
4232,2019,4.7
4233,2019,8.6
4234,2019,6.8
4235,2019,7.4
4236,2019,11.1
4237,2019,5.1
4238,2019,7.7
4239,2019,7.6
4240,2019,7.7
4251,2019,6.2
4252,2019,7.8
4253,2019,9.5
4254,2019,10.9
4255,2019,8.5
4256,2019,10.2
4257,2019,8.9
4258,2019,11.5
4259,2019,5.2
4260,2019,6.2
4261,2019,9.4
4262,2019,8.7
4263,2019,10.1
4264,2019,14.6
4271,2019,10.5
4273,2019,7.4
4274,2019,10.8
4275,2019,2.6
4276,2019,9.9
4277,2019,5.9
4279,2019,6.2
4280,2019,7.7
4281,2019,7.2
4282,2019,7.4
4283,2019,6.6
4284,2019,5.0
4285,2019,10.3
4286,2019,5.5
4287,2019,12.2
4288,2019,4.6
4289,2019,12.0
4301,2019,9.3
4302,2019,8.5
4303,2019,5.1
4304,2019,5.6
4305,2019,10.9
4306,2019,7.3
4307,2019,4.8
4308,2019,12.6
4309,2019,8.6
4310,2019,8.6
4311,2019,5.1
4312,2019,7.2
4313,2019,5.8
4314,2019,24.4
4315,2019,8.2
4316,2019,8.4
4317,2019,7.4
4318,2019,8.9
4319,2019,8.4
4320,2019,7.9
4322,2019,14.6
4323,2019,9.2
4401,2019,13.4
4406,2019,6.3
4411,2019,9.0
4416,2019,12.1
4421,2019,8.2
4426,2019,17.2
4431,2019,11.9
4436,2019,10.3
4441,2019,12.3
4446,2019,14.0
4451,2019,11.9
4461,2019,10.5
4471,2019,8.0
4476,2019,8.3
4486,2019,6.8
4495,2019,10.3
4501,2019,9.3
4506,2019,7.0
4511,2019,7.6
4536,2019,12.3
4545,2019,10.5
4546,2019,8.1
4551,2019,9.6
4561,2019,6.7
4566,2019,13.0
4571,2019,9.0
4590,2019,6.8
4591,2019,9.6
4601,2019,9.4
4606,2019,10.2
4611,2019,6.6
4616,2019,9.0
4621,2019,8.7
4641,2019,15.5
4643,2019,11.4
4646,2019,20.7
4651,2019,21.2
4656,2019,10.7
4666,2019,6.8
4671,2019,14.5
4681,2019,10.5
4683,2019,12.0
4691,2019,16.4
4696,2019,11.5
4701,2019,6.2
4711,2019,7.0
4716,2019,5.6
4721,2019,10.1
4723,2019,9.0
4724,2019,12.0
4726,2019,9.3
4741,2019,7.8
4746,2019,11.5
4751,2019,6.7
4756,2019,7.7
4761,2019,9.1
4776,2019,6.9
4781,2019,9.2
4786,2019,10.4
4791,2019,5.8
4801,2019,17.6
4806,2019,8.1
4811,2019,5.9
4816,2019,6.3
4821,2019,11.7
4826,2019,8.5
4831,2019,9.0
4841,2019,9.6
4846,2019,3.8
4851,2019,15.0
4864,2019,14.9
4871,2019,12.5
4881,2019,5.7
4891,2019,7.4
4901,2019,9.1
4911,2019,7.2
4921,2019,7.9
4941,2019,6.7
4946,2019,8.6
4951,2019,9.4
5001,2019,11.1
5002,2019,12.4
5003,2019,7.3
5009,2019,3.4
5010,2019,10.6
5017,2019,7.5
5048,2019,10.3
5049,2019,7.2
5050,2019,8.8
5061,2019,3.1
5063,2019,1.2
5064,2019,6.6
5071,2019,9.3
5072,2019,8.5
5073,2019,8.1
5076,2019,9.1
5077,2019,9.0
5078,2019,9.6
5079,2019,5.8
5091,2019,16.6
5096,2019,9.8
5097,2019,9.9
5108,2019,9.7
5112,2019,10.8
5113,2019,17.8
5115,2019,15.6
5117,2019,16.5
5118,2019,16.4
5120,2019,13.0
5121,2019,18.2
5125,2019,14.4
5131,2019,12.9
5136,2019,36.9
5138,2019,14.9
5141,2019,8.5
5143,2019,24.4
5144,2019,19.3
5146,2019,24.8
5148,2019,10.0
5149,2019,17.5
5151,2019,10.5
5154,2019,7.5
5160,2019,13.7
5161,2019,10.5
5162,2019,8.1
5167,2019,8.7
5171,2019,11.0
5176,2019,14.3
5178,2019,13.3
5180,2019,10.4
5181,2019,14.7
5186,2019,5.2
5187,2019,9.2
5189,2019,7.8
5192,2019,11.1
5193,2019,9.9
5194,2019,11.5
5195,2019,12.4
5196,2019,11.8
5197,2019,11.0
5198,2019,10.9
5199,2019,5.6
5200,2019,19.9
5202,2019,10.3
5203,2019,11.0
5205,2019,11.8
5206,2019,13.6
5207,2019,12.9
5208,2019,13.9
5210,2019,11.7
5212,2019,15.0
5213,2019,7.8
5214,2019,10.8
5216,2019,10.3
5219,2019,22.2
5221,2019,12.9
5222,2019,14.3
5225,2019,10.8
5226,2019,15.4
5227,2019,12.0
5230,2019,12.5
5231,2019,10.9
5233,2019,15.3
5236,2019,9.4
5237,2019,15.5
5238,2019,6.4
5242,2019,14.8
5249,2019,14.0
5250,2019,11.9
5251,2019,12.0
5254,2019,11.2
5257,2019,10.6
5260,2019,8.7
5263,2019,11.3
5266,2019,11.0
5268,2019,9.9
5269,2019,16.2
5281,2019,8.5
5287,2019,7.2
5304,2019,9.1
5307,2019,33.8
5309,2019,7.8
5310,2019,17.6
5315,2019,16.9
5317,2019,13.7
5323,2019,6.9
5324,2019,20.3
5396,2019,23.6
5397,2019,20.2
5398,2019,12.1
5399,2019,14.4
5401,2019,14.7
5402,2019,15.1
5403,2019,19.0
5404,2019,20.3
5405,2019,18.3
5406,2019,17.7
5407,2019,17.0
5408,2019,10.5
5409,2019,15.9
5410,2019,11.1
5411,2019,10.5
5412,2019,13.8
5413,2019,9.2
5414,2019,14.6
5415,2019,12.9
5421,2019,20.6
5422,2019,18.7
5423,2019,8.0
5424,2019,13.3
5425,2019,12.1
5426,2019,18.2
5427,2019,10.5
5428,2019,14.2
5429,2019,21.4
5430,2019,22.4
5431,2019,15.6
5434,2019,19.3
5435,2019,22.4
5436,2019,16.4
5437,2019,16.7
5451,2019,10.5
5456,2019,17.3
5458,2019,21.0
5464,2019,12.2
5471,2019,16.8
5472,2019,12.3
5473,2019,19.3
5474,2019,20.6
5475,2019,22.9
5476,2019,20.0
5477,2019,17.9
5478,2019,15.6
5479,2019,13.3
5480,2019,34.6
5481,2019,22.1
5482,2019,15.6
5483,2019,32.9
5484,2019,19.3
5485,2019,19.0
5486,2019,20.5
5487,2019,21.9
5488,2019,22.4
5489,2019,15.4
5490,2019,22.3
5491,2019,16.1
5492,2019,16.0
5493,2019,20.4
5494,2019,25.1
5495,2019,17.2
5496,2019,17.8
5497,2019,16.7
5498,2019,21.8
5499,2019,12.1
5500,2019,17.8
5501,2019,15.1
5503,2019,23.3
5511,2019,10.5
5512,2019,16.8
5513,2019,10.6
5514,2019,13.5
5515,2019,20.9
5516,2019,18.9
5518,2019,19.7
5520,2019,18.9
5521,2019,21.5
5522,2019,16.1
5523,2019,12.9
5527,2019,19.2
5529,2019,15.1
5530,2019,10.9
5531,2019,14.8
5533,2019,13.0
5534,2019,14.3
5535,2019,11.6
5537,2019,18.0
5539,2019,12.7
5540,2019,15.2
5541,2019,12.7
5551,2019,19.0
5552,2019,15.0
5553,2019,19.0
5554,2019,17.8
5555,2019,20.6
5556,2019,22.7
5557,2019,31.3
5559,2019,22.1
5560,2019,22.4
5561,2019,20.7
5562,2019,17.7
5563,2019,13.2
5564,2019,11.7
5565,2019,23.9
5566,2019,18.6
5568,2019,15.9
5571,2019,23.0
5581,2019,21.7
5582,2019,18.0
5583,2019,16.7
5584,2019,21.7
5585,2019,20.7
5586,2019,27.3
5587,2019,19.5
5588,2019,15.1
5589,2019,21.0
5590,2019,19.7
5591,2019,19.3
5592,2019,17.1
5601,2019,19.7
5604,2019,13.3
5606,2019,18.0
5607,2019,19.3
5609,2019,14.3
5610,2019,19.8
5611,2019,20.5
5613,2019,21.3
5621,2019,16.2
5622,2019,18.0
5623,2019,14.0
5624,2019,19.0
5625,2019,25.4
5627,2019,21.9
5628,2019,16.7
5629,2019,26.7
5631,2019,19.3
5632,2019,22.9
5633,2019,16.8
5634,2019,18.5
5635,2019,18.1
5636,2019,19.9
5637,2019,15.7
5638,2019,19.3
5639,2019,19.6
5640,2019,17.9
5642,2019,20.8
5643,2019,18.0
5644,2019,28.5
5645,2019,14.3
5646,2019,18.8
5648,2019,19.8
5649,2019,18.0
5650,2019,13.7
5651,2019,14.0
5652,2019,20.9
5653,2019,15.5
5654,2019,14.3
5655,2019,18.3
5661,2019,26.5
5663,2019,20.6
5665,2019,10.3
5669,2019,25.0
5671,2019,17.2
5673,2019,13.3
5674,2019,22.5
5675,2019,16.3
5678,2019,17.7
5680,2019,25.9
5683,2019,15.4
5684,2019,16.6
5688,2019,17.0
5690,2019,10.3
5692,2019,19.5
5693,2019,15.2
5701,2019,15.3
5702,2019,17.6
5703,2019,20.1
5704,2019,20.4
5705,2019,19.4
5706,2019,11.2
5707,2019,12.6
5708,2019,19.9
5709,2019,14.2
5710,2019,17.6
5711,2019,15.3
5712,2019,14.5
5713,2019,13.4
5714,2019,17.1
5715,2019,17.4
5716,2019,20.6
5717,2019,14.8
5718,2019,15.2
5719,2019,16.2
5720,2019,22.5
5721,2019,17.8
5722,2019,23.8
5723,2019,13.9
5724,2019,20.8
5725,2019,17.3
5726,2019,19.5
5727,2019,17.7
5728,2019,13.5
5729,2019,17.8
5730,2019,17.8
5731,2019,19.5
5732,2019,16.7
5741,2019,20.5
5742,2019,14.1
5743,2019,17.1
5744,2019,14.3
5745,2019,26.1
5746,2019,16.8
5747,2019,15.2
5748,2019,25.1
5749,2019,17.6
5750,2019,17.3
5752,2019,22.6
5754,2019,15.9
5755,2019,13.2
5756,2019,17.0
5757,2019,19.9
5758,2019,22.3
5759,2019,23.2
5760,2019,13.8
5761,2019,30.1
5762,2019,21.5
5763,2019,15.4
5764,2019,10.6
5765,2019,12.0
5766,2019,19.6
5785,2019,14.6
5788,2019,18.7
5790,2019,22.7
5792,2019,22.6
5798,2019,15.6
5799,2019,21.6
5803,2019,16.5
5804,2019,19.1
5805,2019,18.7
5806,2019,17.9
5812,2019,14.6
5813,2019,16.0
5816,2019,10.7
5817,2019,12.9
5819,2019,10.8
5821,2019,16.5
5822,2019,12.2
5827,2019,19.9
5828,2019,10.5
5830,2019,16.2
5831,2019,12.6
5841,2019,10.2
5842,2019,9.6
5843,2019,6.8
5851,2019,21.7
5852,2019,9.9
5853,2019,15.5
5854,2019,13.7
5855,2019,9.8
5856,2019,17.6
5857,2019,18.1
5858,2019,11.6
5859,2019,17.6
5860,2019,14.3
5861,2019,15.4
5862,2019,10.7
5863,2019,19.7
5871,2019,13.0
5872,2019,12.5
5873,2019,16.1
5881,2019,17.4
5882,2019,21.2
5883,2019,16.3
5884,2019,23.7
5885,2019,21.1
5886,2019,18.7
5888,2019,18.4
5889,2019,18.9
5890,2019,24.7
5891,2019,17.4
5902,2019,13.1
5903,2019,14.8
5904,2019,20.4
5905,2019,20.9
5907,2019,16.2
5908,2019,25.4
5909,2019,18.6
5910,2019,17.2
5911,2019,11.4
5912,2019,22.6
5913,2019,19.7
5914,2019,16.9
5919,2019,24.4
5921,2019,14.2
5922,2019,22.3
5923,2019,20.6
5924,2019,13.6
5925,2019,20.4
5926,2019,23.0
5928,2019,9.5
5929,2019,15.6
5930,2019,17.2
5931,2019,25.8
5932,2019,9.8
5933,2019,20.1
5934,2019,19.5
5935,2019,10.1
5937,2019,21.5
5938,2019,25.1
5939,2019,17.5
6002,2019,6.8
6004,2019,3.4
6007,2019,5.1
6008,2019,5.8
6009,2019,1.5
6010,2019,4.2
6011,2019,1.3
6021,2019,9.9
6022,2019,12.6
6023,2019,13.1
6024,2019,8.7
6025,2019,10.5
6032,2019,4.2
6033,2019,4.8
6034,2019,6.9
6035,2019,8.6
6037,2019,12.3
6052,2019,4.2
6054,2019,5.9
6056,2019,12.7
6057,2019,8.6
6058,2019,3.6
6061,2019,5.8
6076,2019,2.8
6077,2019,6.9
6082,2019,14.1
6083,2019,7.2
6084,2019,7.8
6087,2019,8.6
6089,2019,9.0
6090,2019,17.6
6101,2019,3.8
6102,2019,9.9
6104,2019,3.6
6109,2019,20.7
6110,2019,5.3
6111,2019,7.5
6112,2019,7.2
6113,2019,4.9
6116,2019,5.1
6117,2019,2.2
6118,2019,3.8
6119,2019,3.7
6131,2019,8.0
6133,2019,12.6
6134,2019,4.9
6135,2019,9.5
6136,2019,12.5
6137,2019,15.6
6139,2019,6.6
6140,2019,10.9
6141,2019,9.7
6142,2019,9.4
6151,2019,16.6
6152,2019,13.4
6153,2019,14.1
6154,2019,13.6
6155,2019,9.6
6156,2019,11.2
6157,2019,9.4
6158,2019,13.6
6159,2019,15.0
6172,2019,10.5
6173,2019,8.8
6177,2019,6.0
6181,2019,9.4
6191,2019,4.1
6192,2019,3.8
6193,2019,4.1
6194,2019,1.7
6195,2019,0.9
6197,2019,2.6
6198,2019,1.4
6199,2019,5.5
6201,2019,6.4
6202,2019,3.1
6203,2019,8.5
6204,2019,2.8
6205,2019,9.2
6211,2019,10.0
6212,2019,8.0
6213,2019,9.3
6214,2019,21.2
6215,2019,8.4
6217,2019,11.5
6218,2019,14.7
6219,2019,9.8
6220,2019,10.9
6232,2019,14.5
6235,2019,7.9
6238,2019,10.1
6239,2019,15.8
6240,2019,8.8
6246,2019,10.6
6248,2019,13.3
6252,2019,10.5
6253,2019,13.0
6254,2019,14.6
6261,2019,20.1
6263,2019,19.3
6265,2019,10.5
6266,2019,18.5
6267,2019,14.3
6281,2019,3.8
6282,2019,1.0
6283,2019,1.7
6285,2019,2.8
6286,2019,3.2
6287,2019,4.2
6288,2019,1.3
6289,2019,2.6
6290,2019,3.7
6291,2019,0.8
6292,2019,2.2
6293,2019,2.6
6294,2019,1.4
6295,2019,6.0
6296,2019,2.0
6297,2019,5.1
6298,2019,5.3
6299,2019,10.4
6300,2019,4.5
6404,2019,22.0
6408,2019,23.6
6413,2019,27.7
6416,2019,19.2
6417,2019,21.9
6421,2019,21.4
6422,2019,19.2
6423,2019,15.2
6432,2019,8.5
6433,2019,9.4
6434,2019,8.4
6435,2019,17.6
6436,2019,16.0
6437,2019,12.0
6451,2019,17.8
6452,2019,19.9
6453,2019,26.5
6454,2019,18.6
6455,2019,16.4
6456,2019,14.5
6458,2019,24.5
6459,2019,18.6
6461,2019,18.9
6487,2019,21.9
6504,2019,9.6
6511,2019,12.0
6512,2019,15.7
6601,2019,20.7
6602,2019,16.6
6603,2019,27.0
6604,2019,25.3
6605,2019,26.1
6606,2019,22.7
6607,2019,24.0
6608,2019,28.7
6609,2019,27.0
6610,2019,25.2
6611,2019,24.3
6612,2019,20.0
6613,2019,26.6
6614,2019,23.7
6615,2019,24.6
6616,2019,14.7
6617,2019,13.4
6618,2019,25.7
6619,2019,19.8
6620,2019,20.7
6621,2019,26.0
6622,2019,22.8
6623,2019,24.8
6624,2019,15.0
6625,2019,25.8
6626,2019,19.2
6627,2019,23.3
6628,2019,23.9
6629,2019,25.0
6630,2019,21.6
6631,2019,23.1
6632,2019,26.8
6633,2019,24.0
6634,2019,21.0
6635,2019,30.7
6636,2019,31.1
6637,2019,28.8
6638,2019,25.3
6639,2019,24.7
6640,2019,21.6
6641,2019,27.3
6642,2019,16.8
6643,2019,21.3
6644,2019,29.9
6645,2019,21.7
6702,2019,17.7
6703,2019,15.8
6704,2019,10.7
6706,2019,17.6
6708,2019,14.3
6709,2019,14.9
6710,2019,16.0
6711,2019,21.7
6712,2019,16.0
6713,2019,8.6
6715,2019,15.5
6716,2019,17.0
6718,2019,22.2
6719,2019,14.8
6721,2019,18.7
6722,2019,11.7
6724,2019,12.9
6729,2019,13.9
6730,2019,15.9
6741,2019,11.3
6742,2019,22.4
6743,2019,16.9
6744,2019,18.6
6745,2019,36.5
6748,2019,13.9
6750,2019,20.0
6751,2019,19.2
6753,2019,16.2
6754,2019,16.2
6757,2019,16.8
6758,2019,16.2
6759,2019,12.0
6771,2019,8.2
6773,2019,4.9
6774,2019,9.2
6775,2019,11.8
6778,2019,7.7
6781,2019,14.9
6782,2019,18.2
6783,2019,11.2
6784,2019,16.0
6785,2019,12.7
6787,2019,13.5
6789,2019,8.4
6790,2019,10.6
6792,2019,4.2
6793,2019,12.1
6800,2019,17.2
6806,2019,9.3
6807,2019,7.0
6808,2019,16.1
6809,2019,11.5
6810,2019,12.8
